image_name,id,race,split
60-FaceId-0_align.jpg,m.07h5rn,0,test
62-FaceId-0_align.jpg,m.07h5rn,0,test
18-FaceId-0_align.jpg,m.07h5rn,0,test
19-FaceId-0_align.jpg,m.07h5rn,0,test
32-FaceId-0_align.jpg,m.07h5rn,0,test
50-FaceId-0_align.jpg,m.07h5rn,0,test
52-FaceId-0_align.jpg,m.07h5rn,0,test
101-FaceId-0_align.jpg,m.07h5rn,0,test
11-FaceId-0_align.jpg,m.07h5rn,0,test
35-FaceId-0_align.jpg,m.07h5rn,0,test
74-FaceId-0_align.jpg,m.07h5rn,0,test
78-FaceId-0_align.jpg,m.07h5rn,0,test
37-FaceId-0_align.jpg,m.07h5rn,0,train
85-FaceId-0_align.jpg,m.07h5rn,0,train
66-FaceId-0_align.jpg,m.07h5rn,0,train
106-FaceId-0_align.jpg,m.07h5rn,0,train
44-FaceId-0_align.jpg,m.07h5rn,0,train
63-FaceId-0_align.jpg,m.07h5rn,0,train
55-FaceId-0_align.jpg,m.07h5rn,0,train
70-FaceId-1_align.jpg,m.07h5rn,0,train
97-FaceId-0_align.jpg,m.07h5rn,0,train
94-FaceId-1_align.jpg,m.07h5rn,0,train
79-FaceId-0_align.jpg,m.07h5rn,0,train
34-FaceId-0_align.jpg,m.07h5rn,0,train
99-FaceId-0_align.jpg,m.07h5rn,0,train
58-FaceId-1_align.jpg,m.07h5rn,0,train
84-FaceId-0_align.jpg,m.07h5rn,0,train
45-FaceId-0_align.jpg,m.07h5rn,0,train
82-FaceId-0_align.jpg,m.07h5rn,0,train
54-FaceId-0_align.jpg,m.07h5rn,0,train
83-FaceId-0_align.jpg,m.07h5rn,0,train
43-FaceId-0_align.jpg,m.07h5rn,0,train
69-FaceId-1_align.jpg,m.07h5rn,0,train
38-FaceId-0_align.jpg,m.07h5rn,0,train
89-FaceId-0_align.jpg,m.07h5rn,0,train
86-FaceId-0_align.jpg,m.07h5rn,0,train
15-FaceId-0_align.jpg,m.07h5rn,0,train
61-FaceId-0_align.jpg,m.07h5rn,0,train
96-FaceId-0_align.jpg,m.07h5rn,0,train
91-FaceId-0_align.jpg,m.07h5rn,0,train
105-FaceId-0_align.jpg,m.07h5rn,0,train
41-FaceId-0_align.jpg,m.07h5rn,0,train
80-FaceId-0_align.jpg,m.07h5rn,0,train
2-FaceId-0_align.jpg,m.07h5rn,0,train
111-FaceId-0_align.jpg,m.07h5rn,0,train
64-FaceId-0_align.jpg,m.07h5rn,0,train
31-FaceId-0_align.jpg,m.07h5rn,0,train
23-FaceId-0_align.jpg,m.07h5rn,0,train
42-FaceId-0_align.jpg,m.07h5rn,0,train
59-FaceId-0_align.jpg,m.07h5rn,0,train
73-FaceId-0_align.jpg,m.07h5rn,0,train
28-FaceId-0_align.jpg,m.07h5rn,0,train
108-FaceId-0_align.jpg,m.07h5rn,0,train
8-FaceId-0_align.jpg,m.07h5rn,0,train
20-FaceId-0_align.jpg,m.07h5rn,0,train
71-FaceId-0_align.jpg,m.07h5rn,0,train
57-FaceId-0_align.jpg,m.07h5rn,0,train
17-FaceId-0_align.jpg,m.07h5rn,0,train
39-FaceId-0_align.jpg,m.07h5rn,0,train
5-FaceId-0_align.jpg,m.07h5rn,0,train
6-FaceId-0_align.jpg,m.0181j_,0,test
107-FaceId-0_align.jpg,m.0181j_,0,test
42-FaceId-0_align.jpg,m.0181j_,0,test
22-FaceId-0_align.jpg,m.0181j_,0,test
64-FaceId-0_align.jpg,m.0181j_,0,test
5-FaceId-0_align.jpg,m.0181j_,0,test
110-FaceId-0_align.jpg,m.0181j_,0,test
89-FaceId-0_align.jpg,m.0181j_,0,test
103-FaceId-0_align.jpg,m.0181j_,0,test
94-FaceId-6_align.jpg,m.0181j_,0,test
59-FaceId-0_align.jpg,m.0181j_,0,test
85-FaceId-0_align.jpg,m.0181j_,0,test
76-FaceId-0_align.jpg,m.0181j_,0,train
62-FaceId-0_align.jpg,m.0181j_,0,train
60-FaceId-0_align.jpg,m.0181j_,0,train
70-FaceId-0_align.jpg,m.0181j_,0,train
25-FaceId-0_align.jpg,m.0181j_,0,train
99-FaceId-0_align.jpg,m.0181j_,0,train
16-FaceId-0_align.jpg,m.0181j_,0,train
79-FaceId-0_align.jpg,m.0181j_,0,train
48-FaceId-0_align.jpg,m.0181j_,0,train
39-FaceId-0_align.jpg,m.0181j_,0,train
15-FaceId-0_align.jpg,m.0181j_,0,train
4-FaceId-0_align.jpg,m.0181j_,0,train
18-FaceId-0_align.jpg,m.0181j_,0,train
69-FaceId-0_align.jpg,m.0181j_,0,train
101-FaceId-0_align.jpg,m.0181j_,0,train
98-FaceId-0_align.jpg,m.0181j_,0,train
78-FaceId-0_align.jpg,m.0181j_,0,train
84-FaceId-0_align.jpg,m.0181j_,0,train
67-FaceId-0_align.jpg,m.0181j_,0,train
36-FaceId-0_align.jpg,m.0181j_,0,train
52-FaceId-0_align.jpg,m.0181j_,0,train
66-FaceId-0_align.jpg,m.0181j_,0,train
21-FaceId-0_align.jpg,m.0181j_,0,train
13-FaceId-0_align.jpg,m.0181j_,0,train
88-FaceId-0_align.jpg,m.0181j_,0,train
19-FaceId-0_align.jpg,m.0181j_,0,train
92-FaceId-0_align.jpg,m.0181j_,0,train
87-FaceId-1_align.jpg,m.0181j_,0,train
44-FaceId-0_align.jpg,m.0181j_,0,train
43-FaceId-0_align.jpg,m.0181j_,0,train
71-FaceId-0_align.jpg,m.0181j_,0,train
9-FaceId-0_align.jpg,m.0181j_,0,train
95-FaceId-0_align.jpg,m.0181j_,0,train
38-FaceId-0_align.jpg,m.0181j_,0,train
45-FaceId-0_align.jpg,m.0181j_,0,train
104-FaceId-0_align.jpg,m.0181j_,0,train
65-FaceId-0_align.jpg,m.0181j_,0,train
33-FaceId-0_align.jpg,m.0181j_,0,train
11-FaceId-0_align.jpg,m.0181j_,0,train
82-FaceId-0_align.jpg,m.0181j_,0,train
72-FaceId-0_align.jpg,m.0181j_,0,train
53-FaceId-0_align.jpg,m.0181j_,0,train
8-FaceId-0_align.jpg,m.0181j_,0,train
55-FaceId-0_align.jpg,m.0181j_,0,train
40-FaceId-0_align.jpg,m.0181j_,0,train
27-FaceId-0_align.jpg,m.0181j_,0,train
73-FaceId-0_align.jpg,m.0181j_,0,train
1-FaceId-0_align.jpg,m.0181j_,0,train
54-FaceId-0_align.jpg,m.0240pk,0,test
62-FaceId-0_align.jpg,m.0240pk,0,test
39-FaceId-0_align.jpg,m.0240pk,0,test
37-FaceId-0_align.jpg,m.0240pk,0,test
14-FaceId-0_align.jpg,m.0240pk,0,test
27-FaceId-0_align.jpg,m.0240pk,0,test
94-FaceId-0_align.jpg,m.0240pk,0,test
10-FaceId-0_align.jpg,m.0240pk,0,test
84-FaceId-0_align.jpg,m.0240pk,0,test
51-FaceId-0_align.jpg,m.0240pk,0,test
68-FaceId-0_align.jpg,m.0240pk,0,test
64-FaceId-0_align.jpg,m.0240pk,0,test
100-FaceId-0_align.jpg,m.0240pk,0,train
9-FaceId-0_align.jpg,m.0240pk,0,train
60-FaceId-0_align.jpg,m.0240pk,0,train
8-FaceId-0_align.jpg,m.0240pk,0,train
53-FaceId-0_align.jpg,m.0240pk,0,train
35-FaceId-0_align.jpg,m.0240pk,0,train
46-FaceId-0_align.jpg,m.0240pk,0,train
58-FaceId-0_align.jpg,m.0240pk,0,train
52-FaceId-0_align.jpg,m.0240pk,0,train
96-FaceId-0_align.jpg,m.0240pk,0,train
42-FaceId-0_align.jpg,m.0240pk,0,train
75-FaceId-0_align.jpg,m.0240pk,0,train
69-FaceId-0_align.jpg,m.0240pk,0,train
23-FaceId-0_align.jpg,m.0240pk,0,train
83-FaceId-0_align.jpg,m.0240pk,0,train
18-FaceId-0_align.jpg,m.0240pk,0,train
101-FaceId-0_align.jpg,m.0240pk,0,train
93-FaceId-0_align.jpg,m.0240pk,0,train
25-FaceId-0_align.jpg,m.0240pk,0,train
43-FaceId-0_align.jpg,m.0240pk,0,train
31-FaceId-0_align.jpg,m.0240pk,0,train
105-FaceId-0_align.jpg,m.0240pk,0,train
6-FaceId-0_align.jpg,m.0240pk,0,train
7-FaceId-0_align.jpg,m.0240pk,0,train
33-FaceId-0_align.jpg,m.0240pk,0,train
29-FaceId-0_align.jpg,m.0240pk,0,train
26-FaceId-0_align.jpg,m.0240pk,0,train
41-FaceId-0_align.jpg,m.0240pk,0,train
95-FaceId-0_align.jpg,m.0240pk,0,train
72-FaceId-0_align.jpg,m.0240pk,0,train
77-FaceId-0_align.jpg,m.0240pk,0,train
55-FaceId-0_align.jpg,m.0240pk,0,train
99-FaceId-0_align.jpg,m.0240pk,0,train
50-FaceId-0_align.jpg,m.0240pk,0,train
21-FaceId-0_align.jpg,m.0240pk,0,train
74-FaceId-0_align.jpg,m.0240pk,0,train
103-FaceId-0_align.jpg,m.0240pk,0,train
80-FaceId-0_align.jpg,m.0240pk,0,train
16-FaceId-0_align.jpg,m.0240pk,0,train
20-FaceId-0_align.jpg,m.0240pk,0,train
71-FaceId-0_align.jpg,m.0240pk,0,train
49-FaceId-0_align.jpg,m.0240pk,0,train
48-FaceId-0_align.jpg,m.0240pk,0,train
81-FaceId-0_align.jpg,m.0240pk,0,train
65-FaceId-0_align.jpg,m.0240pk,0,train
24-FaceId-0_align.jpg,m.0240pk,0,train
45-FaceId-0_align.jpg,m.0240pk,0,train
88-FaceId-0_align.jpg,m.0240pk,0,train
60-FaceId-0_align.jpg,m.01lb8z,0,test
30-FaceId-0_align.jpg,m.01lb8z,0,test
102-FaceId-0_align.jpg,m.01lb8z,0,test
76-FaceId-0_align.jpg,m.01lb8z,0,test
21-FaceId-0_align.jpg,m.01lb8z,0,test
26-FaceId-0_align.jpg,m.01lb8z,0,test
7-FaceId-0_align.jpg,m.01lb8z,0,test
12-FaceId-0_align.jpg,m.01lb8z,0,test
54-FaceId-0_align.jpg,m.01lb8z,0,test
88-FaceId-0_align.jpg,m.01lb8z,0,test
10-FaceId-0_align.jpg,m.01lb8z,0,test
97-FaceId-0_align.jpg,m.01lb8z,0,test
66-FaceId-0_align.jpg,m.01lb8z,0,train
1-FaceId-0_align.jpg,m.01lb8z,0,train
83-FaceId-0_align.jpg,m.01lb8z,0,train
40-FaceId-0_align.jpg,m.01lb8z,0,train
42-FaceId-0_align.jpg,m.01lb8z,0,train
19-FaceId-0_align.jpg,m.01lb8z,0,train
23-FaceId-0_align.jpg,m.01lb8z,0,train
94-FaceId-0_align.jpg,m.01lb8z,0,train
31-FaceId-0_align.jpg,m.01lb8z,0,train
55-FaceId-0_align.jpg,m.01lb8z,0,train
89-FaceId-0_align.jpg,m.01lb8z,0,train
90-FaceId-0_align.jpg,m.01lb8z,0,train
67-FaceId-0_align.jpg,m.01lb8z,0,train
113-FaceId-0_align.jpg,m.01lb8z,0,train
73-FaceId-1_align.jpg,m.01lb8z,0,train
3-FaceId-0_align.jpg,m.01lb8z,0,train
74-FaceId-0_align.jpg,m.01lb8z,0,train
69-FaceId-0_align.jpg,m.01lb8z,0,train
98-FaceId-0_align.jpg,m.01lb8z,0,train
95-FaceId-0_align.jpg,m.01lb8z,0,train
77-FaceId-0_align.jpg,m.01lb8z,0,train
59-FaceId-0_align.jpg,m.01lb8z,0,train
37-FaceId-0_align.jpg,m.01lb8z,0,train
44-FaceId-0_align.jpg,m.01lb8z,0,train
25-FaceId-0_align.jpg,m.01lb8z,0,train
87-FaceId-0_align.jpg,m.01lb8z,0,train
4-FaceId-0_align.jpg,m.01lb8z,0,train
63-FaceId-0_align.jpg,m.01lb8z,0,train
18-FaceId-0_align.jpg,m.01lb8z,0,train
8-FaceId-0_align.jpg,m.01lb8z,0,train
64-FaceId-0_align.jpg,m.01lb8z,0,train
6-FaceId-0_align.jpg,m.01lb8z,0,train
35-FaceId-0_align.jpg,m.01lb8z,0,train
11-FaceId-0_align.jpg,m.01lb8z,0,train
81-FaceId-0_align.jpg,m.01lb8z,0,train
72-FaceId-0_align.jpg,m.01lb8z,0,train
20-FaceId-0_align.jpg,m.01lb8z,0,train
68-FaceId-0_align.jpg,m.01lb8z,0,train
45-FaceId-0_align.jpg,m.01lb8z,0,train
27-FaceId-0_align.jpg,m.01lb8z,0,train
0-FaceId-0_align.jpg,m.01lb8z,0,train
32-FaceId-0_align.jpg,m.01lb8z,0,train
49-FaceId-0_align.jpg,m.01lb8z,0,train
107-FaceId-0_align.jpg,m.01lb8z,0,train
43-FaceId-0_align.jpg,m.01lb8z,0,train
29-FaceId-0_align.jpg,m.01lb8z,0,train
99-FaceId-0_align.jpg,m.01lb8z,0,train
15-FaceId-0_align.jpg,m.01lb8z,0,train
69-FaceId-0_align.jpg,m.09fdg1,0,test
102-FaceId-1_align.jpg,m.09fdg1,0,test
115-FaceId-0_align.jpg,m.09fdg1,0,test
35-FaceId-0_align.jpg,m.09fdg1,0,test
62-FaceId-0_align.jpg,m.09fdg1,0,test
67-FaceId-0_align.jpg,m.09fdg1,0,test
92-FaceId-0_align.jpg,m.09fdg1,0,test
25-FaceId-0_align.jpg,m.09fdg1,0,test
94-FaceId-0_align.jpg,m.09fdg1,0,test
74-FaceId-0_align.jpg,m.09fdg1,0,test
73-FaceId-0_align.jpg,m.09fdg1,0,test
27-FaceId-0_align.jpg,m.09fdg1,0,test
85-FaceId-0_align.jpg,m.09fdg1,0,train
6-FaceId-0_align.jpg,m.09fdg1,0,train
51-FaceId-0_align.jpg,m.09fdg1,0,train
42-FaceId-0_align.jpg,m.09fdg1,0,train
61-FaceId-0_align.jpg,m.09fdg1,0,train
57-FaceId-0_align.jpg,m.09fdg1,0,train
58-FaceId-0_align.jpg,m.09fdg1,0,train
116-FaceId-0_align.jpg,m.09fdg1,0,train
87-FaceId-0_align.jpg,m.09fdg1,0,train
28-FaceId-0_align.jpg,m.09fdg1,0,train
100-FaceId-0_align.jpg,m.09fdg1,0,train
24-FaceId-0_align.jpg,m.09fdg1,0,train
82-FaceId-0_align.jpg,m.09fdg1,0,train
97-FaceId-0_align.jpg,m.09fdg1,0,train
46-FaceId-0_align.jpg,m.09fdg1,0,train
80-FaceId-0_align.jpg,m.09fdg1,0,train
47-FaceId-0_align.jpg,m.09fdg1,0,train
33-FaceId-0_align.jpg,m.09fdg1,0,train
52-FaceId-0_align.jpg,m.09fdg1,0,train
90-FaceId-0_align.jpg,m.09fdg1,0,train
89-FaceId-0_align.jpg,m.09fdg1,0,train
79-FaceId-0_align.jpg,m.09fdg1,0,train
17-FaceId-0_align.jpg,m.09fdg1,0,train
12-FaceId-0_align.jpg,m.09fdg1,0,train
119-FaceId-0_align.jpg,m.09fdg1,0,train
49-FaceId-0_align.jpg,m.09fdg1,0,train
31-FaceId-0_align.jpg,m.09fdg1,0,train
70-FaceId-0_align.jpg,m.09fdg1,0,train
91-FaceId-0_align.jpg,m.09fdg1,0,train
77-FaceId-0_align.jpg,m.09fdg1,0,train
50-FaceId-0_align.jpg,m.09fdg1,0,train
107-FaceId-0_align.jpg,m.09fdg1,0,train
26-FaceId-0_align.jpg,m.09fdg1,0,train
41-FaceId-0_align.jpg,m.09fdg1,0,train
19-FaceId-0_align.jpg,m.09fdg1,0,train
72-FaceId-0_align.jpg,m.09fdg1,0,train
71-FaceId-0_align.jpg,m.09fdg1,0,train
59-FaceId-0_align.jpg,m.09fdg1,0,train
99-FaceId-0_align.jpg,m.09fdg1,0,train
23-FaceId-0_align.jpg,m.09fdg1,0,train
21-FaceId-0_align.jpg,m.09fdg1,0,train
95-FaceId-0_align.jpg,m.09fdg1,0,train
44-FaceId-0_align.jpg,m.09fdg1,0,train
30-FaceId-0_align.jpg,m.09fdg1,0,train
5-FaceId-0_align.jpg,m.09fdg1,0,train
20-FaceId-0_align.jpg,m.09fdg1,0,train
8-FaceId-0_align.jpg,m.09fdg1,0,train
9-FaceId-0_align.jpg,m.09fdg1,0,train
64-FaceId-0_align.jpg,m.0cc99yf,0,test
14-FaceId-0_align.jpg,m.0cc99yf,0,test
8-FaceId-0_align.jpg,m.0cc99yf,0,test
35-FaceId-0_align.jpg,m.0cc99yf,0,test
102-FaceId-0_align.jpg,m.0cc99yf,0,test
91-FaceId-0_align.jpg,m.0cc99yf,0,test
92-FaceId-0_align.jpg,m.0cc99yf,0,test
46-FaceId-0_align.jpg,m.0cc99yf,0,test
94-FaceId-0_align.jpg,m.0cc99yf,0,test
114-FaceId-0_align.jpg,m.0cc99yf,0,test
110-FaceId-0_align.jpg,m.0cc99yf,0,test
27-FaceId-0_align.jpg,m.0cc99yf,0,test
85-FaceId-0_align.jpg,m.0cc99yf,0,train
105-FaceId-0_align.jpg,m.0cc99yf,0,train
32-FaceId-0_align.jpg,m.0cc99yf,0,train
72-FaceId-0_align.jpg,m.0cc99yf,0,train
71-FaceId-0_align.jpg,m.0cc99yf,0,train
57-FaceId-0_align.jpg,m.0cc99yf,0,train
17-FaceId-0_align.jpg,m.0cc99yf,0,train
6-FaceId-0_align.jpg,m.0cc99yf,0,train
22-FaceId-0_align.jpg,m.0cc99yf,0,train
28-FaceId-0_align.jpg,m.0cc99yf,0,train
33-FaceId-0_align.jpg,m.0cc99yf,0,train
24-FaceId-0_align.jpg,m.0cc99yf,0,train
82-FaceId-0_align.jpg,m.0cc99yf,0,train
97-FaceId-0_align.jpg,m.0cc99yf,0,train
76-FaceId-0_align.jpg,m.0cc99yf,0,train
80-FaceId-0_align.jpg,m.0cc99yf,0,train
47-FaceId-0_align.jpg,m.0cc99yf,0,train
96-FaceId-0_align.jpg,m.0cc99yf,0,train
99-FaceId-0_align.jpg,m.0cc99yf,0,train
90-FaceId-0_align.jpg,m.0cc99yf,0,train
42-FaceId-0_align.jpg,m.0cc99yf,0,train
104-FaceId-0_align.jpg,m.0cc99yf,0,train
74-FaceId-0_align.jpg,m.0cc99yf,0,train
87-FaceId-0_align.jpg,m.0cc99yf,0,train
79-FaceId-0_align.jpg,m.0cc99yf,0,train
49-FaceId-0_align.jpg,m.0cc99yf,0,train
21-FaceId-0_align.jpg,m.0cc99yf,0,train
60-FaceId-0_align.jpg,m.0cc99yf,0,train
39-FaceId-0_align.jpg,m.0cc99yf,0,train
111-FaceId-0_align.jpg,m.0cc99yf,0,train
86-FaceId-0_align.jpg,m.0cc99yf,0,train
67-FaceId-0_align.jpg,m.0cc99yf,0,train
83-FaceId-0_align.jpg,m.0cc99yf,0,train
51-FaceId-0_align.jpg,m.0cc99yf,0,train
107-FaceId-0_align.jpg,m.0cc99yf,0,train
11-FaceId-0_align.jpg,m.0cc99yf,0,train
12-FaceId-0_align.jpg,m.0cc99yf,0,train
37-FaceId-0_align.jpg,m.0cc99yf,0,train
31-FaceId-0_align.jpg,m.0cc99yf,0,train
56-FaceId-0_align.jpg,m.0cc99yf,0,train
89-FaceId-0_align.jpg,m.0cc99yf,0,train
95-FaceId-0_align.jpg,m.0cc99yf,0,train
44-FaceId-0_align.jpg,m.0cc99yf,0,train
53-FaceId-0_align.jpg,m.0cc99yf,0,train
78-FaceId-0_align.jpg,m.0cc99yf,0,train
43-FaceId-0_align.jpg,m.0cc99yf,0,train
45-FaceId-0_align.jpg,m.0cc99yf,0,train
69-FaceId-0_align.jpg,m.0cc99yf,0,train
42-FaceId-0_align.jpg,m.03tjn_,0,test
79-FaceId-0_align.jpg,m.03tjn_,0,test
22-FaceId-0_align.jpg,m.03tjn_,0,test
102-FaceId-0_align.jpg,m.03tjn_,0,test
78-FaceId-0_align.jpg,m.03tjn_,0,test
75-FaceId-0_align.jpg,m.03tjn_,0,test
110-FaceId-0_align.jpg,m.03tjn_,0,test
6-FaceId-0_align.jpg,m.03tjn_,0,test
89-FaceId-2_align.jpg,m.03tjn_,0,test
27-FaceId-0_align.jpg,m.03tjn_,0,test
10-FaceId-0_align.jpg,m.03tjn_,0,test
30-FaceId-0_align.jpg,m.03tjn_,0,test
19-FaceId-0_align.jpg,m.03tjn_,0,train
12-FaceId-0_align.jpg,m.03tjn_,0,train
40-FaceId-0_align.jpg,m.03tjn_,0,train
109-FaceId-0_align.jpg,m.03tjn_,0,train
41-FaceId-0_align.jpg,m.03tjn_,0,train
99-FaceId-0_align.jpg,m.03tjn_,0,train
104-FaceId-0_align.jpg,m.03tjn_,0,train
34-FaceId-0_align.jpg,m.03tjn_,0,train
54-FaceId-0_align.jpg,m.03tjn_,0,train
58-FaceId-0_align.jpg,m.03tjn_,0,train
55-FaceId-0_align.jpg,m.03tjn_,0,train
14-FaceId-0_align.jpg,m.03tjn_,0,train
89-FaceId-3_align.jpg,m.03tjn_,0,train
25-FaceId-0_align.jpg,m.03tjn_,0,train
59-FaceId-0_align.jpg,m.03tjn_,0,train
32-FaceId-0_align.jpg,m.03tjn_,0,train
70-FaceId-0_align.jpg,m.03tjn_,0,train
26-FaceId-0_align.jpg,m.03tjn_,0,train
85-FaceId-0_align.jpg,m.03tjn_,0,train
65-FaceId-0_align.jpg,m.03tjn_,0,train
43-FaceId-0_align.jpg,m.03tjn_,0,train
67-FaceId-0_align.jpg,m.03tjn_,0,train
13-FaceId-0_align.jpg,m.03tjn_,0,train
81-FaceId-0_align.jpg,m.03tjn_,0,train
83-FaceId-0_align.jpg,m.03tjn_,0,train
71-FaceId-0_align.jpg,m.03tjn_,0,train
28-FaceId-0_align.jpg,m.03tjn_,0,train
84-FaceId-0_align.jpg,m.03tjn_,0,train
7-FaceId-0_align.jpg,m.03tjn_,0,train
36-FaceId-0_align.jpg,m.03tjn_,0,train
51-FaceId-0_align.jpg,m.03tjn_,0,train
60-FaceId-0_align.jpg,m.03tjn_,0,train
97-FaceId-0_align.jpg,m.03tjn_,0,train
9-FaceId-0_align.jpg,m.03tjn_,0,train
53-FaceId-0_align.jpg,m.03tjn_,0,train
38-FaceId-0_align.jpg,m.03tjn_,0,train
5-FaceId-0_align.jpg,m.03tjn_,0,train
20-FaceId-0_align.jpg,m.03tjn_,0,train
77-FaceId-0_align.jpg,m.03tjn_,0,train
49-FaceId-0_align.jpg,m.03tjn_,0,train
48-FaceId-0_align.jpg,m.03tjn_,0,train
82-FaceId-0_align.jpg,m.03tjn_,0,train
108-FaceId-0_align.jpg,m.03tjn_,0,train
47-FaceId-0_align.jpg,m.03tjn_,0,train
45-FaceId-0_align.jpg,m.03tjn_,0,train
63-FaceId-0_align.jpg,m.03tjn_,0,train
23-FaceId-0_align.jpg,m.03tjn_,0,train
87-FaceId-0_align.jpg,m.03tjn_,0,train
100-FaceId-0_align.jpg,m.09d6n9,0,test
58-FaceId-0_align.jpg,m.09d6n9,0,test
68-FaceId-0_align.jpg,m.09d6n9,0,test
106-FaceId-0_align.jpg,m.09d6n9,0,test
69-FaceId-0_align.jpg,m.09d6n9,0,test
37-FaceId-0_align.jpg,m.09d6n9,0,test
61-FaceId-0_align.jpg,m.09d6n9,0,test
104-FaceId-0_align.jpg,m.09d6n9,0,test
94-FaceId-0_align.jpg,m.09d6n9,0,test
62-FaceId-0_align.jpg,m.09d6n9,0,test
1-FaceId-0_align.jpg,m.09d6n9,0,test
39-FaceId-0_align.jpg,m.09d6n9,0,test
85-FaceId-0_align.jpg,m.09d6n9,0,train
47-FaceId-0_align.jpg,m.09d6n9,0,train
90-FaceId-0_align.jpg,m.09d6n9,0,train
84-FaceId-0_align.jpg,m.09d6n9,0,train
103-FaceId-0_align.jpg,m.09d6n9,0,train
38-FaceId-0_align.jpg,m.09d6n9,0,train
32-FaceId-0_align.jpg,m.09d6n9,0,train
57-FaceId-0_align.jpg,m.09d6n9,0,train
80-FaceId-0_align.jpg,m.09d6n9,0,train
113-FaceId-0_align.jpg,m.09d6n9,0,train
19-FaceId-0_align.jpg,m.09d6n9,0,train
64-FaceId-0_align.jpg,m.09d6n9,0,train
6-FaceId-0_align.jpg,m.09d6n9,0,train
22-FaceId-0_align.jpg,m.09d6n9,0,train
59-FaceId-0_align.jpg,m.09d6n9,0,train
18-FaceId-0_align.jpg,m.09d6n9,0,train
52-FaceId-0_align.jpg,m.09d6n9,0,train
95-FaceId-0_align.jpg,m.09d6n9,0,train
97-FaceId-0_align.jpg,m.09d6n9,0,train
10-FaceId-0_align.jpg,m.09d6n9,0,train
108-FaceId-0_align.jpg,m.09d6n9,0,train
67-FaceId-0_align.jpg,m.09d6n9,0,train
50-FaceId-0_align.jpg,m.09d6n9,0,train
42-FaceId-0_align.jpg,m.09d6n9,0,train
79-FaceId-0_align.jpg,m.09d6n9,0,train
55-FaceId-0_align.jpg,m.09d6n9,0,train
81-FaceId-0_align.jpg,m.09d6n9,0,train
87-FaceId-0_align.jpg,m.09d6n9,0,train
40-FaceId-0_align.jpg,m.09d6n9,0,train
29-FaceId-0_align.jpg,m.09d6n9,0,train
21-FaceId-0_align.jpg,m.09d6n9,0,train
109-FaceId-0_align.jpg,m.09d6n9,0,train
46-FaceId-0_align.jpg,m.09d6n9,0,train
107-FaceId-0_align.jpg,m.09d6n9,0,train
71-FaceId-0_align.jpg,m.09d6n9,0,train
53-FaceId-0_align.jpg,m.09d6n9,0,train
7-FaceId-0_align.jpg,m.09d6n9,0,train
16-FaceId-0_align.jpg,m.09d6n9,0,train
74-FaceId-0_align.jpg,m.09d6n9,0,train
51-FaceId-0_align.jpg,m.09d6n9,0,train
14-FaceId-0_align.jpg,m.09d6n9,0,train
72-FaceId-0_align.jpg,m.09d6n9,0,train
12-FaceId-0_align.jpg,m.09d6n9,0,train
44-FaceId-0_align.jpg,m.09d6n9,0,train
99-FaceId-0_align.jpg,m.09d6n9,0,train
35-FaceId-0_align.jpg,m.09d6n9,0,train
89-FaceId-0_align.jpg,m.09d6n9,0,train
65-FaceId-0_align.jpg,m.09d6n9,0,train
20-FaceId-0_align.jpg,m.020skv,0,test
53-FaceId-0_align.jpg,m.020skv,0,test
102-FaceId-0_align.jpg,m.020skv,0,test
90-FaceId-0_align.jpg,m.020skv,0,test
32-FaceId-0_align.jpg,m.020skv,0,test
68-FaceId-0_align.jpg,m.020skv,0,test
34-FaceId-0_align.jpg,m.020skv,0,test
19-FaceId-0_align.jpg,m.020skv,0,test
79-FaceId-0_align.jpg,m.020skv,0,test
88-FaceId-0_align.jpg,m.020skv,0,test
3-FaceId-0_align.jpg,m.020skv,0,test
71-FaceId-0_align.jpg,m.020skv,0,test
25-FaceId-0_align.jpg,m.020skv,0,train
67-FaceId-0_align.jpg,m.020skv,0,train
75-FaceId-0_align.jpg,m.020skv,0,train
96-FaceId-0_align.jpg,m.020skv,0,train
52-FaceId-0_align.jpg,m.020skv,0,train
24-FaceId-0_align.jpg,m.020skv,0,train
86-FaceId-0_align.jpg,m.020skv,0,train
12-FaceId-0_align.jpg,m.020skv,0,train
51-FaceId-0_align.jpg,m.020skv,0,train
16-FaceId-0_align.jpg,m.020skv,0,train
94-FaceId-0_align.jpg,m.020skv,0,train
23-FaceId-0_align.jpg,m.020skv,0,train
29-FaceId-0_align.jpg,m.020skv,0,train
13-FaceId-0_align.jpg,m.020skv,0,train
28-FaceId-0_align.jpg,m.020skv,0,train
73-FaceId-0_align.jpg,m.020skv,0,train
8-FaceId-0_align.jpg,m.020skv,0,train
48-FaceId-0_align.jpg,m.020skv,0,train
30-FaceId-0_align.jpg,m.020skv,0,train
95-FaceId-0_align.jpg,m.020skv,0,train
57-FaceId-0_align.jpg,m.020skv,0,train
4-FaceId-0_align.jpg,m.020skv,0,train
9-FaceId-0_align.jpg,m.020skv,0,train
59-FaceId-0_align.jpg,m.020skv,0,train
56-FaceId-0_align.jpg,m.020skv,0,train
14-FaceId-0_align.jpg,m.020skv,0,train
5-FaceId-0_align.jpg,m.020skv,0,train
63-FaceId-0_align.jpg,m.020skv,0,train
38-FaceId-0_align.jpg,m.020skv,0,train
66-FaceId-0_align.jpg,m.020skv,0,train
55-FaceId-0_align.jpg,m.020skv,0,train
40-FaceId-0_align.jpg,m.020skv,0,train
2-FaceId-0_align.jpg,m.020skv,0,train
82-FaceId-0_align.jpg,m.020skv,0,train
99-FaceId-0_align.jpg,m.020skv,0,train
50-FaceId-0_align.jpg,m.020skv,0,train
46-FaceId-0_align.jpg,m.020skv,0,train
65-FaceId-0_align.jpg,m.020skv,0,train
54-FaceId-0_align.jpg,m.020skv,0,train
100-FaceId-0_align.jpg,m.020skv,0,train
77-FaceId-0_align.jpg,m.020skv,0,train
44-FaceId-0_align.jpg,m.020skv,0,train
47-FaceId-0_align.jpg,m.020skv,0,train
43-FaceId-0_align.jpg,m.020skv,0,train
81-FaceId-0_align.jpg,m.020skv,0,train
41-FaceId-0_align.jpg,m.020skv,0,train
80-FaceId-0_align.jpg,m.020skv,0,train
39-FaceId-0_align.jpg,m.020skv,0,train
100-FaceId-0_align.jpg,m.0bb8pbs,0,test
10-FaceId-0_align.jpg,m.0bb8pbs,0,test
62-FaceId-0_align.jpg,m.0bb8pbs,0,test
6-FaceId-0_align.jpg,m.0bb8pbs,0,test
31-FaceId-0_align.jpg,m.0bb8pbs,0,test
103-FaceId-0_align.jpg,m.0bb8pbs,0,test
67-FaceId-0_align.jpg,m.0bb8pbs,0,test
77-FaceId-0_align.jpg,m.0bb8pbs,0,test
43-FaceId-0_align.jpg,m.0bb8pbs,0,test
61-FaceId-1_align.jpg,m.0bb8pbs,0,test
55-FaceId-0_align.jpg,m.0bb8pbs,0,test
92-FaceId-1_align.jpg,m.0bb8pbs,0,test
105-FaceId-0_align.jpg,m.0bb8pbs,0,train
14-FaceId-0_align.jpg,m.0bb8pbs,0,train
93-FaceId-0_align.jpg,m.0bb8pbs,0,train
54-FaceId-0_align.jpg,m.0bb8pbs,0,train
72-FaceId-0_align.jpg,m.0bb8pbs,0,train
91-FaceId-0_align.jpg,m.0bb8pbs,0,train
68-FaceId-0_align.jpg,m.0bb8pbs,0,train
41-FaceId-0_align.jpg,m.0bb8pbs,0,train
52-FaceId-0_align.jpg,m.0bb8pbs,0,train
85-FaceId-0_align.jpg,m.0bb8pbs,0,train
42-FaceId-0_align.jpg,m.0bb8pbs,0,train
35-FaceId-0_align.jpg,m.0bb8pbs,0,train
45-FaceId-0_align.jpg,m.0bb8pbs,0,train
34-FaceId-0_align.jpg,m.0bb8pbs,0,train
60-FaceId-0_align.jpg,m.0bb8pbs,0,train
73-FaceId-0_align.jpg,m.0bb8pbs,0,train
70-FaceId-0_align.jpg,m.0bb8pbs,0,train
86-FaceId-0_align.jpg,m.0bb8pbs,0,train
4-FaceId-0_align.jpg,m.0bb8pbs,0,train
15-FaceId-0_align.jpg,m.0bb8pbs,0,train
30-FaceId-0_align.jpg,m.0bb8pbs,0,train
107-FaceId-0_align.jpg,m.0bb8pbs,0,train
59-FaceId-0_align.jpg,m.0bb8pbs,0,train
22-FaceId-1_align.jpg,m.0bb8pbs,0,train
44-FaceId-0_align.jpg,m.0bb8pbs,0,train
53-FaceId-1_align.jpg,m.0bb8pbs,0,train
12-FaceId-0_align.jpg,m.0bb8pbs,0,train
17-FaceId-0_align.jpg,m.0bb8pbs,0,train
3-FaceId-0_align.jpg,m.0bb8pbs,0,train
18-FaceId-0_align.jpg,m.0bb8pbs,0,train
8-FaceId-0_align.jpg,m.0bb8pbs,0,train
9-FaceId-0_align.jpg,m.0bb8pbs,0,train
66-FaceId-0_align.jpg,m.0bb8pbs,0,train
23-FaceId-0_align.jpg,m.0bb8pbs,0,train
2-FaceId-0_align.jpg,m.0bb8pbs,0,train
82-FaceId-0_align.jpg,m.0bb8pbs,0,train
11-FaceId-0_align.jpg,m.0bb8pbs,0,train
33-FaceId-0_align.jpg,m.0bb8pbs,0,train
65-FaceId-0_align.jpg,m.0bb8pbs,0,train
48-FaceId-0_align.jpg,m.0bb8pbs,0,train
27-FaceId-0_align.jpg,m.0bb8pbs,0,train
16-FaceId-1_align.jpg,m.0bb8pbs,0,train
87-FaceId-0_align.jpg,m.0bb8pbs,0,train
49-FaceId-0_align.jpg,m.0bb8pbs,0,train
39-FaceId-0_align.jpg,m.0bb8pbs,0,train
13-FaceId-0_align.jpg,m.0bb8pbs,0,train
5-FaceId-0_align.jpg,m.0bb8pbs,0,train
24-FaceId-0_align.jpg,m.0bb8pbs,0,train
000070_00@en.jpg,m.04q43q,1,test
000046_03@en.jpg,m.04q43q,1,test
000020_00@en.jpg,m.04q43q,1,test
000115_01@en.jpg,m.04q43q,1,test
000076_00@en.jpg,m.04q43q,1,test
000064_00@en.jpg,m.04q43q,1,test
000123_00@en.jpg,m.04q43q,1,test
000100_00@en.jpg,m.04q43q,1,test
000000_00@en.jpg,m.04q43q,1,test
000080_00@en.jpg,m.04q43q,1,test
000002_00@en.jpg,m.04q43q,1,test
000032_00@en.jpg,m.04q43q,1,test
000036_00@en.jpg,m.04q43q,1,train
000013_00@en.jpg,m.04q43q,1,train
000047_02@en.jpg,m.04q43q,1,train
000042_01@en.jpg,m.04q43q,1,train
000029_00@en.jpg,m.04q43q,1,train
000055_00@en.jpg,m.04q43q,1,train
000028_00@en.jpg,m.04q43q,1,train
000089_00@en.jpg,m.04q43q,1,train
000071_00@en.jpg,m.04q43q,1,train
000097_00@en.jpg,m.04q43q,1,train
000014_00@en.jpg,m.04q43q,1,train
000023_00@en.jpg,m.04q43q,1,train
000081_00@en.jpg,m.04q43q,1,train
000164_00@en.jpg,m.04q43q,1,train
000149_00@en.jpg,m.04q43q,1,train
000114_00@en.jpg,m.04q43q,1,train
000012_00@en.jpg,m.04q43q,1,train
000040_00@en.jpg,m.04q43q,1,train
000025_00@en.jpg,m.04q43q,1,train
000024_00@en.jpg,m.04q43q,1,train
000050_00@en.jpg,m.04q43q,1,train
000083_00@en.jpg,m.04q43q,1,train
000161_01@en.jpg,m.04q43q,1,train
000057_00@en.jpg,m.04q43q,1,train
000058_00@en.jpg,m.04q43q,1,train
000034_00@en.jpg,m.04q43q,1,train
000084_00@en.jpg,m.04q43q,1,train
000049_00@en.jpg,m.04q43q,1,train
000010_00@en.jpg,m.04q43q,1,train
000056_00@en.jpg,m.04q43q,1,train
000018_00@en.jpg,m.04q43q,1,train
000007_00@en.jpg,m.04q43q,1,train
000116_00@en.jpg,m.04q43q,1,train
000060_00@en.jpg,m.04q43q,1,train
000021_00@en.jpg,m.04q43q,1,train
000155_00@en.jpg,m.04q43q,1,train
000120_00@en.jpg,m.04q43q,1,train
000022_00@en.jpg,m.04q43q,1,train
000016_00@en.jpg,m.04q43q,1,train
000037_00@en.jpg,m.04q43q,1,train
000030_00@en.jpg,m.04q43q,1,train
000006_00@en.jpg,m.04q43q,1,train
000045_00@en.jpg,m.04q43q,1,train
000035_01@en.jpg,m.04q43q,1,train
000051_00@en.jpg,m.04q43q,1,train
000059_00@en.jpg,m.04q43q,1,train
000108_00@en.jpg,m.04q43q,1,train
000061_00@en.jpg,m.04q43q,1,train
33-FaceId-0_align.jpg,m.0ffgks,1,test
83-FaceId-0_align.jpg,m.0ffgks,1,test
46-FaceId-0_align.jpg,m.0ffgks,1,test
9-FaceId-0_align.jpg,m.0ffgks,1,test
79-FaceId-0_align.jpg,m.0ffgks,1,test
37-FaceId-0_align.jpg,m.0ffgks,1,test
101-FaceId-0_align.jpg,m.0ffgks,1,test
86-FaceId-0_align.jpg,m.0ffgks,1,test
31-FaceId-0_align.jpg,m.0ffgks,1,test
62-FaceId-0_align.jpg,m.0ffgks,1,test
87-FaceId-0_align.jpg,m.0ffgks,1,test
91-FaceId-0_align.jpg,m.0ffgks,1,test
80-FaceId-0_align.jpg,m.0ffgks,1,train
81-FaceId-0_align.jpg,m.0ffgks,1,train
3-FaceId-0_align.jpg,m.0ffgks,1,train
11-FaceId-0_align.jpg,m.0ffgks,1,train
35-FaceId-0_align.jpg,m.0ffgks,1,train
56-FaceId-0_align.jpg,m.0ffgks,1,train
52-FaceId-0_align.jpg,m.0ffgks,1,train
24-FaceId-0_align.jpg,m.0ffgks,1,train
26-FaceId-0_align.jpg,m.0ffgks,1,train
0-FaceId-0_align.jpg,m.0ffgks,1,train
7-FaceId-0_align.jpg,m.0ffgks,1,train
64-FaceId-0_align.jpg,m.0ffgks,1,train
18-FaceId-0_align.jpg,m.0ffgks,1,train
51-FaceId-0_align.jpg,m.0ffgks,1,train
59-FaceId-0_align.jpg,m.0ffgks,1,train
98-FaceId-0_align.jpg,m.0ffgks,1,train
21-FaceId-0_align.jpg,m.0ffgks,1,train
28-FaceId-0_align.jpg,m.0ffgks,1,train
99-FaceId-0_align.jpg,m.0ffgks,1,train
4-FaceId-0_align.jpg,m.0ffgks,1,train
60-FaceId-0_align.jpg,m.0ffgks,1,train
107-FaceId-0_align.jpg,m.0ffgks,1,train
103-FaceId-0_align.jpg,m.0ffgks,1,train
72-FaceId-0_align.jpg,m.0ffgks,1,train
15-FaceId-0_align.jpg,m.0ffgks,1,train
66-FaceId-0_align.jpg,m.0ffgks,1,train
49-FaceId-0_align.jpg,m.0ffgks,1,train
41-FaceId-0_align.jpg,m.0ffgks,1,train
55-FaceId-0_align.jpg,m.0ffgks,1,train
82-FaceId-0_align.jpg,m.0ffgks,1,train
42-FaceId-0_align.jpg,m.0ffgks,1,train
30-FaceId-0_align.jpg,m.0ffgks,1,train
19-FaceId-0_align.jpg,m.0ffgks,1,train
12-FaceId-0_align.jpg,m.0ffgks,1,train
96-FaceId-0_align.jpg,m.0ffgks,1,train
14-FaceId-0_align.jpg,m.0ffgks,1,train
65-FaceId-0_align.jpg,m.0ffgks,1,train
94-FaceId-0_align.jpg,m.0ffgks,1,train
77-FaceId-0_align.jpg,m.0ffgks,1,train
2-FaceId-0_align.jpg,m.0ffgks,1,train
22-FaceId-0_align.jpg,m.0ffgks,1,train
54-FaceId-0_align.jpg,m.0ffgks,1,train
89-FaceId-0_align.jpg,m.0ffgks,1,train
23-FaceId-0_align.jpg,m.0ffgks,1,train
84-FaceId-0_align.jpg,m.0ffgks,1,train
106-FaceId-0_align.jpg,m.0ffgks,1,train
27-FaceId-0_align.jpg,m.0ffgks,1,train
73-FaceId-0_align.jpg,m.0ffgks,1,train
0-FaceId-0_align.jpg,m.0pcvrt5,1,test
62-FaceId-0_align.jpg,m.0pcvrt5,1,test
24-FaceId-0_align.jpg,m.0pcvrt5,1,test
91-FaceId-0_align.jpg,m.0pcvrt5,1,test
22-FaceId-0_align.jpg,m.0pcvrt5,1,test
56-FaceId-0_align.jpg,m.0pcvrt5,1,test
51-FaceId-0_align.jpg,m.0pcvrt5,1,test
14-FaceId-0_align.jpg,m.0pcvrt5,1,test
42-FaceId-0_align.jpg,m.0pcvrt5,1,test
23-FaceId-0_align.jpg,m.0pcvrt5,1,test
88-FaceId-0_align.jpg,m.0pcvrt5,1,test
90-FaceId-0_align.jpg,m.0pcvrt5,1,test
65-FaceId-0_align.jpg,m.0pcvrt5,1,train
63-FaceId-0_align.jpg,m.0pcvrt5,1,train
95-FaceId-0_align.jpg,m.0pcvrt5,1,train
80-FaceId-0_align.jpg,m.0pcvrt5,1,train
54-FaceId-0_align.jpg,m.0pcvrt5,1,train
10-FaceId-0_align.jpg,m.0pcvrt5,1,train
106-FaceId-0_align.jpg,m.0pcvrt5,1,train
60-FaceId-0_align.jpg,m.0pcvrt5,1,train
41-FaceId-0_align.jpg,m.0pcvrt5,1,train
49-FaceId-0_align.jpg,m.0pcvrt5,1,train
4-FaceId-0_align.jpg,m.0pcvrt5,1,train
81-FaceId-0_align.jpg,m.0pcvrt5,1,train
32-FaceId-0_align.jpg,m.0pcvrt5,1,train
38-FaceId-0_align.jpg,m.0pcvrt5,1,train
89-FaceId-0_align.jpg,m.0pcvrt5,1,train
74-FaceId-0_align.jpg,m.0pcvrt5,1,train
27-FaceId-0_align.jpg,m.0pcvrt5,1,train
59-FaceId-0_align.jpg,m.0pcvrt5,1,train
48-FaceId-0_align.jpg,m.0pcvrt5,1,train
93-FaceId-0_align.jpg,m.0pcvrt5,1,train
101-FaceId-0_align.jpg,m.0pcvrt5,1,train
36-FaceId-0_align.jpg,m.0pcvrt5,1,train
37-FaceId-0_align.jpg,m.0pcvrt5,1,train
94-FaceId-0_align.jpg,m.0pcvrt5,1,train
8-FaceId-0_align.jpg,m.0pcvrt5,1,train
46-FaceId-0_align.jpg,m.0pcvrt5,1,train
7-FaceId-0_align.jpg,m.0pcvrt5,1,train
33-FaceId-0_align.jpg,m.0pcvrt5,1,train
34-FaceId-0_align.jpg,m.0pcvrt5,1,train
45-FaceId-0_align.jpg,m.0pcvrt5,1,train
87-FaceId-0_align.jpg,m.0pcvrt5,1,train
57-FaceId-0_align.jpg,m.0pcvrt5,1,train
84-FaceId-0_align.jpg,m.0pcvrt5,1,train
77-FaceId-0_align.jpg,m.0pcvrt5,1,train
9-FaceId-0_align.jpg,m.0pcvrt5,1,train
97-FaceId-0_align.jpg,m.0pcvrt5,1,train
86-FaceId-0_align.jpg,m.0pcvrt5,1,train
99-FaceId-0_align.jpg,m.0pcvrt5,1,train
66-FaceId-0_align.jpg,m.0pcvrt5,1,train
64-FaceId-0_align.jpg,m.0pcvrt5,1,train
3-FaceId-0_align.jpg,m.0pcvrt5,1,train
43-FaceId-0_align.jpg,m.0pcvrt5,1,train
105-FaceId-0_align.jpg,m.0pcvrt5,1,train
55-FaceId-0_align.jpg,m.0pcvrt5,1,train
78-FaceId-0_align.jpg,m.0pcvrt5,1,train
83-FaceId-0_align.jpg,m.0pcvrt5,1,train
20-FaceId-0_align.jpg,m.0pcvrt5,1,train
71-FaceId-0_align.jpg,m.0pcvrt5,1,train
25-FaceId-0_align.jpg,m.0cfxd5,1,test
31-FaceId-0_align.jpg,m.0cfxd5,1,test
72-FaceId-0_align.jpg,m.0cfxd5,1,test
53-FaceId-0_align.jpg,m.0cfxd5,1,test
68-FaceId-0_align.jpg,m.0cfxd5,1,test
118-FaceId-0_align.jpg,m.0cfxd5,1,test
91-FaceId-0_align.jpg,m.0cfxd5,1,test
92-FaceId-0_align.jpg,m.0cfxd5,1,test
73-FaceId-0_align.jpg,m.0cfxd5,1,test
99-FaceId-0_align.jpg,m.0cfxd5,1,test
80-FaceId-0_align.jpg,m.0cfxd5,1,test
109-FaceId-0_align.jpg,m.0cfxd5,1,test
62-FaceId-0_align.jpg,m.0cfxd5,1,train
90-FaceId-0_align.jpg,m.0cfxd5,1,train
121-FaceId-0_align.jpg,m.0cfxd5,1,train
20-FaceId-0_align.jpg,m.0cfxd5,1,train
55-FaceId-0_align.jpg,m.0cfxd5,1,train
126-FaceId-0_align.jpg,m.0cfxd5,1,train
5-FaceId-0_align.jpg,m.0cfxd5,1,train
54-FaceId-0_align.jpg,m.0cfxd5,1,train
52-FaceId-0_align.jpg,m.0cfxd5,1,train
81-FaceId-0_align.jpg,m.0cfxd5,1,train
75-FaceId-0_align.jpg,m.0cfxd5,1,train
7-FaceId-0_align.jpg,m.0cfxd5,1,train
101-FaceId-0_align.jpg,m.0cfxd5,1,train
39-FaceId-0_align.jpg,m.0cfxd5,1,train
93-FaceId-0_align.jpg,m.0cfxd5,1,train
15-FaceId-1_align.jpg,m.0cfxd5,1,train
51-FaceId-0_align.jpg,m.0cfxd5,1,train
59-FaceId-0_align.jpg,m.0cfxd5,1,train
100-FaceId-0_align.jpg,m.0cfxd5,1,train
33-FaceId-0_align.jpg,m.0cfxd5,1,train
21-FaceId-0_align.jpg,m.0cfxd5,1,train
34-FaceId-0_align.jpg,m.0cfxd5,1,train
108-FaceId-0_align.jpg,m.0cfxd5,1,train
98-FaceId-0_align.jpg,m.0cfxd5,1,train
107-FaceId-0_align.jpg,m.0cfxd5,1,train
27-FaceId-0_align.jpg,m.0cfxd5,1,train
122-FaceId-0_align.jpg,m.0cfxd5,1,train
119-FaceId-0_align.jpg,m.0cfxd5,1,train
35-FaceId-0_align.jpg,m.0cfxd5,1,train
124-FaceId-0_align.jpg,m.0cfxd5,1,train
29-FaceId-0_align.jpg,m.0cfxd5,1,train
41-FaceId-0_align.jpg,m.0cfxd5,1,train
38-FaceId-0_align.jpg,m.0cfxd5,1,train
47-FaceId-0_align.jpg,m.0cfxd5,1,train
42-FaceId-0_align.jpg,m.0cfxd5,1,train
37-FaceId-0_align.jpg,m.0cfxd5,1,train
78-FaceId-0_align.jpg,m.0cfxd5,1,train
43-FaceId-0_align.jpg,m.0cfxd5,1,train
19-FaceId-0_align.jpg,m.0cfxd5,1,train
87-FaceId-0_align.jpg,m.0cfxd5,1,train
103-FaceId-0_align.jpg,m.0cfxd5,1,train
70-FaceId-0_align.jpg,m.0cfxd5,1,train
14-FaceId-0_align.jpg,m.0cfxd5,1,train
26-FaceId-0_align.jpg,m.0cfxd5,1,train
69-FaceId-0_align.jpg,m.0cfxd5,1,train
97-FaceId-0_align.jpg,m.0cfxd5,1,train
77-FaceId-0_align.jpg,m.0cfxd5,1,train
2-FaceId-0_align.jpg,m.0cfxd5,1,train
000020_00@ru.jpg,m.09z1b2,1,test
000027_00@ru.jpg,m.09z1b2,1,test
000013_00@ru.jpg,m.09z1b2,1,test
000064_00@en.jpg,m.09z1b2,1,test
000062_00@en.jpg,m.09z1b2,1,test
000045_00@en.jpg,m.09z1b2,1,test
000075_03@en.jpg,m.09z1b2,1,test
000072_00@en.jpg,m.09z1b2,1,test
000059_01@en.jpg,m.09z1b2,1,test
000028_01@en.jpg,m.09z1b2,1,test
000016_00@ru.jpg,m.09z1b2,1,test
000032_00@en.jpg,m.09z1b2,1,test
000017_00@en.jpg,m.09z1b2,1,train
000026_02@ru.jpg,m.09z1b2,1,train
000003_00@en.jpg,m.09z1b2,1,train
000023_00@en.jpg,m.09z1b2,1,train
000047_00@en.jpg,m.09z1b2,1,train
000066_00@ru.jpg,m.09z1b2,1,train
000011_00@ru.jpg,m.09z1b2,1,train
000054_00@en.jpg,m.09z1b2,1,train
000044_00@en.jpg,m.09z1b2,1,train
000072_00@ru.jpg,m.09z1b2,1,train
000012_00@ru.jpg,m.09z1b2,1,train
000073_00@en.jpg,m.09z1b2,1,train
000048_00@en.jpg,m.09z1b2,1,train
000058_00@en.jpg,m.09z1b2,1,train
000061_00@en.jpg,m.09z1b2,1,train
000061_00@ru.jpg,m.09z1b2,1,train
000012_00@en.jpg,m.09z1b2,1,train
000010_00@ru.jpg,m.09z1b2,1,train
000055_00@en.jpg,m.09z1b2,1,train
000030_00@en.jpg,m.09z1b2,1,train
000014_00@en.jpg,m.09z1b2,1,train
000052_00@en.jpg,m.09z1b2,1,train
000031_00@en.jpg,m.09z1b2,1,train
000048_00@ru.jpg,m.09z1b2,1,train
000053_00@ru.jpg,m.09z1b2,1,train
000001_00@en.jpg,m.09z1b2,1,train
000037_00@en.jpg,m.09z1b2,1,train
000063_00@ru.jpg,m.09z1b2,1,train
000005_00@en.jpg,m.09z1b2,1,train
000042_00@en.jpg,m.09z1b2,1,train
000056_00@ru.jpg,m.09z1b2,1,train
000004_00@ru.jpg,m.09z1b2,1,train
000000_00@ru.jpg,m.09z1b2,1,train
000029_00@ru.jpg,m.09z1b2,1,train
000000_00@en.jpg,m.09z1b2,1,train
000013_00@en.jpg,m.09z1b2,1,train
000053_00@en.jpg,m.09z1b2,1,train
000005_00@ru.jpg,m.09z1b2,1,train
000002_00@en.jpg,m.09z1b2,1,train
000074_00@ru.jpg,m.09z1b2,1,train
000006_00@en.jpg,m.09z1b2,1,train
000001_00@ru.jpg,m.09z1b2,1,train
000044_01@ru.jpg,m.09z1b2,1,train
000020_00@en.jpg,m.09z1b2,1,train
000002_00@ru.jpg,m.09z1b2,1,train
000015_00@en.jpg,m.09z1b2,1,train
000009_00@ru.jpg,m.09z1b2,1,train
000060_00@ru.jpg,m.09z1b2,1,train
000133_00@en.jpg,m.0bh12n,1,test
000039_00@en.jpg,m.0bh12n,1,test
000078_02@en.jpg,m.0bh12n,1,test
000091_00@en.jpg,m.0bh12n,1,test
000063_00@en.jpg,m.0bh12n,1,test
000020_00@en.jpg,m.0bh12n,1,test
000112_00@en.jpg,m.0bh12n,1,test
000041_00@en.jpg,m.0bh12n,1,test
000044_00@en.jpg,m.0bh12n,1,test
000037_00@en.jpg,m.0bh12n,1,test
000053_00@en.jpg,m.0bh12n,1,test
000048_00@en.jpg,m.0bh12n,1,test
000024_00@en.jpg,m.0bh12n,1,train
000096_00@en.jpg,m.0bh12n,1,train
000071_00@en.jpg,m.0bh12n,1,train
000056_00@en.jpg,m.0bh12n,1,train
000062_00@en.jpg,m.0bh12n,1,train
000117_00@en.jpg,m.0bh12n,1,train
000140_01@en.jpg,m.0bh12n,1,train
000113_00@en.jpg,m.0bh12n,1,train
000049_00@en.jpg,m.0bh12n,1,train
000088_00@en.jpg,m.0bh12n,1,train
000145_00@en.jpg,m.0bh12n,1,train
000103_00@en.jpg,m.0bh12n,1,train
000026_00@en.jpg,m.0bh12n,1,train
000050_00@en.jpg,m.0bh12n,1,train
000107_00@en.jpg,m.0bh12n,1,train
000126_00@en.jpg,m.0bh12n,1,train
000070_00@en.jpg,m.0bh12n,1,train
000003_00@en.jpg,m.0bh12n,1,train
000102_00@en.jpg,m.0bh12n,1,train
000129_01@en.jpg,m.0bh12n,1,train
000000_00@en.jpg,m.0bh12n,1,train
000061_00@en.jpg,m.0bh12n,1,train
000002_00@en.jpg,m.0bh12n,1,train
000006_00@en.jpg,m.0bh12n,1,train
000023_00@en.jpg,m.0bh12n,1,train
000032_00@en.jpg,m.0bh12n,1,train
000035_00@en.jpg,m.0bh12n,1,train
000072_00@en.jpg,m.0bh12n,1,train
000087_00@en.jpg,m.0bh12n,1,train
000018_00@en.jpg,m.0bh12n,1,train
000017_00@en.jpg,m.0bh12n,1,train
000147_00@en.jpg,m.0bh12n,1,train
000080_01@en.jpg,m.0bh12n,1,train
000065_00@en.jpg,m.0bh12n,1,train
000001_00@en.jpg,m.0bh12n,1,train
000038_00@en.jpg,m.0bh12n,1,train
000012_00@en.jpg,m.0bh12n,1,train
000040_00@en.jpg,m.0bh12n,1,train
000021_00@en.jpg,m.0bh12n,1,train
000058_00@en.jpg,m.0bh12n,1,train
000014_00@en.jpg,m.0bh12n,1,train
000097_00@en.jpg,m.0bh12n,1,train
000069_00@en.jpg,m.0bh12n,1,train
000101_00@en.jpg,m.0bh12n,1,train
000052_00@en.jpg,m.0bh12n,1,train
000083_00@en.jpg,m.0bh12n,1,train
000046_00@en.jpg,m.0bh12n,1,train
000127_00@en.jpg,m.0bh12n,1,train
19-FaceId-0_align.jpg,m.0dd9hvn,1,test
5-FaceId-0_align.jpg,m.0dd9hvn,1,test
115-FaceId-0_align.jpg,m.0dd9hvn,1,test
9-FaceId-0_align.jpg,m.0dd9hvn,1,test
37-FaceId-0_align.jpg,m.0dd9hvn,1,test
73-FaceId-0_align.jpg,m.0dd9hvn,1,test
110-FaceId-0_align.jpg,m.0dd9hvn,1,test
92-FaceId-0_align.jpg,m.0dd9hvn,1,test
21-FaceId-0_align.jpg,m.0dd9hvn,1,test
62-FaceId-0_align.jpg,m.0dd9hvn,1,test
22-FaceId-0_align.jpg,m.0dd9hvn,1,test
107-FaceId-0_align.jpg,m.0dd9hvn,1,test
33-FaceId-0_align.jpg,m.0dd9hvn,1,train
10-FaceId-0_align.jpg,m.0dd9hvn,1,train
126-FaceId-0_align.jpg,m.0dd9hvn,1,train
11-FaceId-0_align.jpg,m.0dd9hvn,1,train
90-FaceId-0_align.jpg,m.0dd9hvn,1,train
91-FaceId-0_align.jpg,m.0dd9hvn,1,train
99-FaceId-0_align.jpg,m.0dd9hvn,1,train
61-FaceId-0_align.jpg,m.0dd9hvn,1,train
98-FaceId-0_align.jpg,m.0dd9hvn,1,train
17-FaceId-0_align.jpg,m.0dd9hvn,1,train
1-FaceId-0_align.jpg,m.0dd9hvn,1,train
46-FaceId-0_align.jpg,m.0dd9hvn,1,train
54-FaceId-0_align.jpg,m.0dd9hvn,1,train
66-FaceId-0_align.jpg,m.0dd9hvn,1,train
32-FaceId-0_align.jpg,m.0dd9hvn,1,train
27-FaceId-0_align.jpg,m.0dd9hvn,1,train
49-FaceId-0_align.jpg,m.0dd9hvn,1,train
89-FaceId-0_align.jpg,m.0dd9hvn,1,train
120-FaceId-0_align.jpg,m.0dd9hvn,1,train
31-FaceId-0_align.jpg,m.0dd9hvn,1,train
43-FaceId-0_align.jpg,m.0dd9hvn,1,train
28-FaceId-0_align.jpg,m.0dd9hvn,1,train
7-FaceId-0_align.jpg,m.0dd9hvn,1,train
80-FaceId-0_align.jpg,m.0dd9hvn,1,train
72-FaceId-0_align.jpg,m.0dd9hvn,1,train
45-FaceId-0_align.jpg,m.0dd9hvn,1,train
36-FaceId-0_align.jpg,m.0dd9hvn,1,train
82-FaceId-0_align.jpg,m.0dd9hvn,1,train
57-FaceId-0_align.jpg,m.0dd9hvn,1,train
51-FaceId-0_align.jpg,m.0dd9hvn,1,train
118-FaceId-0_align.jpg,m.0dd9hvn,1,train
39-FaceId-0_align.jpg,m.0dd9hvn,1,train
84-FaceId-0_align.jpg,m.0dd9hvn,1,train
44-FaceId-0_align.jpg,m.0dd9hvn,1,train
65-FaceId-0_align.jpg,m.0dd9hvn,1,train
68-FaceId-0_align.jpg,m.0dd9hvn,1,train
77-FaceId-0_align.jpg,m.0dd9hvn,1,train
121-FaceId-0_align.jpg,m.0dd9hvn,1,train
86-FaceId-0_align.jpg,m.0dd9hvn,1,train
101-FaceId-0_align.jpg,m.0dd9hvn,1,train
76-FaceId-0_align.jpg,m.0dd9hvn,1,train
109-FaceId-0_align.jpg,m.0dd9hvn,1,train
52-FaceId-0_align.jpg,m.0dd9hvn,1,train
111-FaceId-0_align.jpg,m.0dd9hvn,1,train
2-FaceId-0_align.jpg,m.0dd9hvn,1,train
41-FaceId-0_align.jpg,m.0dd9hvn,1,train
81-FaceId-0_align.jpg,m.0dd9hvn,1,train
42-FaceId-0_align.jpg,m.0dd9hvn,1,train
33-FaceId-0_align.jpg,m.0ktdtr,1,test
62-FaceId-0_align.jpg,m.0ktdtr,1,test
15-FaceId-0_align.jpg,m.0ktdtr,1,test
57-FaceId-0_align.jpg,m.0ktdtr,1,test
22-FaceId-0_align.jpg,m.0ktdtr,1,test
23-FaceId-0_align.jpg,m.0ktdtr,1,test
51-FaceId-0_align.jpg,m.0ktdtr,1,test
7-FaceId-0_align.jpg,m.0ktdtr,1,test
72-FaceId-0_align.jpg,m.0ktdtr,1,test
80-FaceId-0_align.jpg,m.0ktdtr,1,test
17-FaceId-0_align.jpg,m.0ktdtr,1,test
26-FaceId-0_align.jpg,m.0ktdtr,1,test
104-FaceId-0_align.jpg,m.0ktdtr,1,train
85-FaceId-0_align.jpg,m.0ktdtr,1,train
105-FaceId-0_align.jpg,m.0ktdtr,1,train
68-FaceId-0_align.jpg,m.0ktdtr,1,train
37-FaceId-0_align.jpg,m.0ktdtr,1,train
13-FaceId-0_align.jpg,m.0ktdtr,1,train
55-FaceId-0_align.jpg,m.0ktdtr,1,train
78-FaceId-0_align.jpg,m.0ktdtr,1,train
41-FaceId-0_align.jpg,m.0ktdtr,1,train
27-FaceId-0_align.jpg,m.0ktdtr,1,train
4-FaceId-0_align.jpg,m.0ktdtr,1,train
81-FaceId-0_align.jpg,m.0ktdtr,1,train
32-FaceId-0_align.jpg,m.0ktdtr,1,train
35-FaceId-0_align.jpg,m.0ktdtr,1,train
84-FaceId-0_align.jpg,m.0ktdtr,1,train
48-FaceId-0_align.jpg,m.0ktdtr,1,train
44-FaceId-0_align.jpg,m.0ktdtr,1,train
59-FaceId-0_align.jpg,m.0ktdtr,1,train
58-FaceId-0_align.jpg,m.0ktdtr,1,train
20-FaceId-0_align.jpg,m.0ktdtr,1,train
61-FaceId-0_align.jpg,m.0ktdtr,1,train
28-FaceId-0_align.jpg,m.0ktdtr,1,train
89-FaceId-0_align.jpg,m.0ktdtr,1,train
38-FaceId-0_align.jpg,m.0ktdtr,1,train
106-FaceId-0_align.jpg,m.0ktdtr,1,train
67-FaceId-0_align.jpg,m.0ktdtr,1,train
56-FaceId-0_align.jpg,m.0ktdtr,1,train
24-FaceId-0_align.jpg,m.0ktdtr,1,train
65-FaceId-0_align.jpg,m.0ktdtr,1,train
12-FaceId-0_align.jpg,m.0ktdtr,1,train
46-FaceId-0_align.jpg,m.0ktdtr,1,train
11-FaceId-0_align.jpg,m.0ktdtr,1,train
77-FaceId-0_align.jpg,m.0ktdtr,1,train
74-FaceId-0_align.jpg,m.0ktdtr,1,train
94-FaceId-0_align.jpg,m.0ktdtr,1,train
90-FaceId-0_align.jpg,m.0ktdtr,1,train
42-FaceId-0_align.jpg,m.0ktdtr,1,train
79-FaceId-0_align.jpg,m.0ktdtr,1,train
60-FaceId-0_align.jpg,m.0ktdtr,1,train
18-FaceId-0_align.jpg,m.0ktdtr,1,train
5-FaceId-0_align.jpg,m.0ktdtr,1,train
45-FaceId-0_align.jpg,m.0ktdtr,1,train
88-FaceId-0_align.jpg,m.0ktdtr,1,train
101-FaceId-0_align.jpg,m.0ktdtr,1,train
29-FaceId-0_align.jpg,m.0ktdtr,1,train
36-FaceId-0_align.jpg,m.0ktdtr,1,train
47-FaceId-0_align.jpg,m.0ktdtr,1,train
8-FaceId-0_align.jpg,m.0ktdtr,1,train
90-FaceId-0_align.jpg,m.0cb1h4,1,test
7-FaceId-0_align.jpg,m.0cb1h4,1,test
40-FaceId-0_align.jpg,m.0cb1h4,1,test
86-FaceId-0_align.jpg,m.0cb1h4,1,test
62-FaceId-0_align.jpg,m.0cb1h4,1,test
91-FaceId-0_align.jpg,m.0cb1h4,1,test
79-FaceId-0_align.jpg,m.0cb1h4,1,test
74-FaceId-0_align.jpg,m.0cb1h4,1,test
27-FaceId-1_align.jpg,m.0cb1h4,1,test
36-FaceId-0_align.jpg,m.0cb1h4,1,test
10-FaceId-0_align.jpg,m.0cb1h4,1,test
75-FaceId-0_align.jpg,m.0cb1h4,1,test
0-FaceId-0_align.jpg,m.0cb1h4,1,train
58-FaceId-0_align.jpg,m.0cb1h4,1,train
41-FaceId-0_align.jpg,m.0cb1h4,1,train
42-FaceId-0_align.jpg,m.0cb1h4,1,train
101-FaceId-0_align.jpg,m.0cb1h4,1,train
57-FaceId-0_align.jpg,m.0cb1h4,1,train
69-FaceId-0_align.jpg,m.0cb1h4,1,train
28-FaceId-0_align.jpg,m.0cb1h4,1,train
12-FaceId-0_align.jpg,m.0cb1h4,1,train
60-FaceId-0_align.jpg,m.0cb1h4,1,train
70-FaceId-0_align.jpg,m.0cb1h4,1,train
29-FaceId-0_align.jpg,m.0cb1h4,1,train
44-FaceId-0_align.jpg,m.0cb1h4,1,train
51-FaceId-0_align.jpg,m.0cb1h4,1,train
17-FaceId-0_align.jpg,m.0cb1h4,1,train
83-FaceId-0_align.jpg,m.0cb1h4,1,train
81-FaceId-0_align.jpg,m.0cb1h4,1,train
80-FaceId-0_align.jpg,m.0cb1h4,1,train
32-FaceId-0_align.jpg,m.0cb1h4,1,train
88-FaceId-0_align.jpg,m.0cb1h4,1,train
21-FaceId-0_align.jpg,m.0cb1h4,1,train
85-FaceId-0_align.jpg,m.0cb1h4,1,train
35-FaceId-0_align.jpg,m.0cb1h4,1,train
37-FaceId-0_align.jpg,m.0cb1h4,1,train
1-FaceId-0_align.jpg,m.0cb1h4,1,train
33-FaceId-0_align.jpg,m.0cb1h4,1,train
54-FaceId-0_align.jpg,m.0cb1h4,1,train
52-FaceId-0_align.jpg,m.0cb1h4,1,train
5-FaceId-0_align.jpg,m.0cb1h4,1,train
39-FaceId-0_align.jpg,m.0cb1h4,1,train
61-FaceId-0_align.jpg,m.0cb1h4,1,train
100-FaceId-0_align.jpg,m.0cb1h4,1,train
67-FaceId-0_align.jpg,m.0cb1h4,1,train
38-FaceId-0_align.jpg,m.0cb1h4,1,train
22-FaceId-0_align.jpg,m.0cb1h4,1,train
107-FaceId-0_align.jpg,m.0cb1h4,1,train
11-FaceId-0_align.jpg,m.0cb1h4,1,train
71-FaceId-0_align.jpg,m.0cb1h4,1,train
104-FaceId-0_align.jpg,m.0cb1h4,1,train
97-FaceId-0_align.jpg,m.0cb1h4,1,train
63-FaceId-0_align.jpg,m.0cb1h4,1,train
99-FaceId-0_align.jpg,m.0cb1h4,1,train
6-FaceId-0_align.jpg,m.0cb1h4,1,train
64-FaceId-0_align.jpg,m.0cb1h4,1,train
3-FaceId-0_align.jpg,m.0cb1h4,1,train
108-FaceId-0_align.jpg,m.0cb1h4,1,train
43-FaceId-0_align.jpg,m.0cb1h4,1,train
16-FaceId-0_align.jpg,m.0cb1h4,1,train
59-FaceId-0_align.jpg,m.0czmj0,1,test
14-FaceId-0_align.jpg,m.0czmj0,1,test
16-FaceId-0_align.jpg,m.0czmj0,1,test
40-FaceId-0_align.jpg,m.0czmj0,1,test
102-FaceId-0_align.jpg,m.0czmj0,1,test
107-FaceId-0_align.jpg,m.0czmj0,1,test
54-FaceId-0_align.jpg,m.0czmj0,1,test
80-FaceId-0_align.jpg,m.0czmj0,1,test
52-FaceId-0_align.jpg,m.0czmj0,1,test
74-FaceId-0_align.jpg,m.0czmj0,1,test
10-FaceId-0_align.jpg,m.0czmj0,1,test
82-FaceId-0_align.jpg,m.0czmj0,1,test
85-FaceId-0_align.jpg,m.0czmj0,1,train
6-FaceId-0_align.jpg,m.0czmj0,1,train
97-FaceId-0_align.jpg,m.0czmj0,1,train
84-FaceId-0_align.jpg,m.0czmj0,1,train
71-FaceId-0_align.jpg,m.0czmj0,1,train
91-FaceId-0_align.jpg,m.0czmj0,1,train
93-FaceId-0_align.jpg,m.0czmj0,1,train
25-FaceId-0_align.jpg,m.0czmj0,1,train
87-FaceId-0_align.jpg,m.0czmj0,1,train
90-FaceId-0_align.jpg,m.0czmj0,1,train
60-FaceId-0_align.jpg,m.0czmj0,1,train
57-FaceId-0_align.jpg,m.0czmj0,1,train
29-FaceId-0_align.jpg,m.0czmj0,1,train
94-FaceId-0_align.jpg,m.0czmj0,1,train
28-FaceId-0_align.jpg,m.0czmj0,1,train
38-FaceId-0_align.jpg,m.0czmj0,1,train
34-FaceId-0_align.jpg,m.0czmj0,1,train
5-FaceId-1_align.jpg,m.0czmj0,1,train
99-FaceId-0_align.jpg,m.0czmj0,1,train
56-FaceId-0_align.jpg,m.0czmj0,1,train
42-FaceId-0_align.jpg,m.0czmj0,1,train
104-FaceId-0_align.jpg,m.0czmj0,1,train
36-FaceId-0_align.jpg,m.0czmj0,1,train
12-FaceId-0_align.jpg,m.0czmj0,1,train
4-FaceId-0_align.jpg,m.0czmj0,1,train
81-FaceId-0_align.jpg,m.0czmj0,1,train
21-FaceId-0_align.jpg,m.0czmj0,1,train
113-FaceId-0_align.jpg,m.0czmj0,1,train
67-FaceId-0_align.jpg,m.0czmj0,1,train
111-FaceId-0_align.jpg,m.0czmj0,1,train
100-FaceId-0_align.jpg,m.0czmj0,1,train
19-FaceId-0_align.jpg,m.0czmj0,1,train
8-FaceId-0_align.jpg,m.0czmj0,1,train
41-FaceId-0_align.jpg,m.0czmj0,1,train
117-FaceId-0_align.jpg,m.0czmj0,1,train
11-FaceId-0_align.jpg,m.0czmj0,1,train
1-FaceId-0_align.jpg,m.0czmj0,1,train
44-FaceId-0_align.jpg,m.0czmj0,1,train
31-FaceId-0_align.jpg,m.0czmj0,1,train
86-FaceId-0_align.jpg,m.0czmj0,1,train
89-FaceId-0_align.jpg,m.0czmj0,1,train
95-FaceId-0_align.jpg,m.0czmj0,1,train
49-FaceId-0_align.jpg,m.0czmj0,1,train
30-FaceId-0_align.jpg,m.0czmj0,1,train
118-FaceId-0_align.jpg,m.0czmj0,1,train
43-FaceId-0_align.jpg,m.0czmj0,1,train
78-FaceId-0_align.jpg,m.0czmj0,1,train
79-FaceId-0_align.jpg,m.0czmj0,1,train
000038_00@ja.jpg,m.0jyvwv,2,test
000032_00@ja.jpg,m.0jyvwv,2,test
000021_00@ja.jpg,m.0jyvwv,2,test
000063_00@en.jpg,m.0jyvwv,2,test
000002_00@ja.jpg,m.0jyvwv,2,test
000073_00@ja.jpg,m.0jyvwv,2,test
000066_00@ja.jpg,m.0jyvwv,2,test
000004_00@ja.jpg,m.0jyvwv,2,test
000052_00@ja.jpg,m.0jyvwv,2,test
000001_00@en.jpg,m.0jyvwv,2,test
000008_00@en.jpg,m.0jyvwv,2,test
000011_00@ja.jpg,m.0jyvwv,2,test
000006_00@en.jpg,m.0jyvwv,2,train
000050_00@ja.jpg,m.0jyvwv,2,train
000022_00@ja.jpg,m.0jyvwv,2,train
000051_00@ja.jpg,m.0jyvwv,2,train
000035_00@ja.jpg,m.0jyvwv,2,train
000056_00@ja.jpg,m.0jyvwv,2,train
000070_00@ja.jpg,m.0jyvwv,2,train
000032_02@en.jpg,m.0jyvwv,2,train
000020_00@en.jpg,m.0jyvwv,2,train
000031_02@en.jpg,m.0jyvwv,2,train
000061_00@en.jpg,m.0jyvwv,2,train
000049_00@ja.jpg,m.0jyvwv,2,train
000003_00@ja.jpg,m.0jyvwv,2,train
000010_00@ja.jpg,m.0jyvwv,2,train
000034_00@ja.jpg,m.0jyvwv,2,train
000000_00@en.jpg,m.0jyvwv,2,train
000017_00@en.jpg,m.0jyvwv,2,train
000002_00@en.jpg,m.0jyvwv,2,train
000005_00@en.jpg,m.0jyvwv,2,train
000009_00@ja.jpg,m.0jyvwv,2,train
000045_01@ja.jpg,m.0jyvwv,2,train
000012_00@en.jpg,m.0jyvwv,2,train
000003_00@en.jpg,m.0jyvwv,2,train
000039_00@ja.jpg,m.0jyvwv,2,train
000023_00@en.jpg,m.0jyvwv,2,train
000071_00@en.jpg,m.0jyvwv,2,train
000010_00@en.jpg,m.0jyvwv,2,train
000042_00@ja.jpg,m.0jyvwv,2,train
000006_00@ja.jpg,m.0jyvwv,2,train
000047_04@ja.jpg,m.0jyvwv,2,train
000014_00@en.jpg,m.0jyvwv,2,train
000017_00@ja.jpg,m.0jyvwv,2,train
000000_00@ja.jpg,m.0jyvwv,2,train
000013_00@ja.jpg,m.0jyvwv,2,train
000017_02@ja.jpg,m.0jyvwv,2,train
000055_00@ja.jpg,m.0jyvwv,2,train
000016_00@ja.jpg,m.0jyvwv,2,train
000024_00@en.jpg,m.0jyvwv,2,train
000033_00@en.jpg,m.0jyvwv,2,train
000001_00@ja.jpg,m.0jyvwv,2,train
000037_00@ja.jpg,m.0jyvwv,2,train
000015_00@en.jpg,m.0jyvwv,2,train
000073_00@en.jpg,m.0jyvwv,2,train
000043_00@ja.jpg,m.0jyvwv,2,train
000023_00@ja.jpg,m.0jyvwv,2,train
000029_00@ja.jpg,m.0jyvwv,2,train
000041_00@ja.jpg,m.0jyvwv,2,train
000044_00@en.jpg,m.0jyvwv,2,train
000013_00@zh.jpg,m.01vfm2v,2,test
000007_00@ja.jpg,m.01vfm2v,2,test
000049_00@ja.jpg,m.01vfm2v,2,test
000056_00@ja.jpg,m.01vfm2v,2,test
000019_01@ja.jpg,m.01vfm2v,2,test
000009_00@en.jpg,m.01vfm2v,2,test
000003_00@en.jpg,m.01vfm2v,2,test
000010_00@ja.jpg,m.01vfm2v,2,test
000028_00@en.jpg,m.01vfm2v,2,test
000045_00@ja.jpg,m.01vfm2v,2,test
000004_00@zh.jpg,m.01vfm2v,2,test
000002_00@zh.jpg,m.01vfm2v,2,test
000044_00@zh.jpg,m.01vfm2v,2,train
000027_00@en.jpg,m.01vfm2v,2,train
000041_00@en.jpg,m.01vfm2v,2,train
000013_00@ja.jpg,m.01vfm2v,2,train
000018_00@zh.jpg,m.01vfm2v,2,train
000035_00@en.jpg,m.01vfm2v,2,train
000000_00@zh.jpg,m.01vfm2v,2,train
000001_00@ja.jpg,m.01vfm2v,2,train
000021_00@zh.jpg,m.01vfm2v,2,train
000023_00@en.jpg,m.01vfm2v,2,train
000030_00@zh.jpg,m.01vfm2v,2,train
000006_00@en.jpg,m.01vfm2v,2,train
000010_00@zh.jpg,m.01vfm2v,2,train
000017_00@zh.jpg,m.01vfm2v,2,train
000026_00@ja.jpg,m.01vfm2v,2,train
000031_01@ja.jpg,m.01vfm2v,2,train
000031_00@zh.jpg,m.01vfm2v,2,train
000005_00@zh.jpg,m.01vfm2v,2,train
000016_00@zh.jpg,m.01vfm2v,2,train
000020_01@zh.jpg,m.01vfm2v,2,train
000024_00@ja.jpg,m.01vfm2v,2,train
000039_00@en.jpg,m.01vfm2v,2,train
000036_00@en.jpg,m.01vfm2v,2,train
000034_00@ja.jpg,m.01vfm2v,2,train
000002_00@en.jpg,m.01vfm2v,2,train
000001_00@zh.jpg,m.01vfm2v,2,train
000039_01@zh.jpg,m.01vfm2v,2,train
000007_00@zh.jpg,m.01vfm2v,2,train
000018_00@en.jpg,m.01vfm2v,2,train
000061_00@en.jpg,m.01vfm2v,2,train
000050_00@ja.jpg,m.01vfm2v,2,train
000009_00@zh.jpg,m.01vfm2v,2,train
000021_00@en.jpg,m.01vfm2v,2,train
000054_00@ja.jpg,m.01vfm2v,2,train
000053_00@ja.jpg,m.01vfm2v,2,train
000058_00@zh.jpg,m.01vfm2v,2,train
000016_00@ja.jpg,m.01vfm2v,2,train
000005_00@ja.jpg,m.01vfm2v,2,train
000006_00@ja.jpg,m.01vfm2v,2,train
000059_01@zh.jpg,m.01vfm2v,2,train
000023_00@ja.jpg,m.01vfm2v,2,train
000049_00@zh.jpg,m.01vfm2v,2,train
000028_00@ja.jpg,m.01vfm2v,2,train
000020_00@ja.jpg,m.01vfm2v,2,train
000002_00@ja.jpg,m.01vfm2v,2,train
000008_00@ja.jpg,m.01vfm2v,2,train
000055_00@ja.jpg,m.01vfm2v,2,train
000027_00@ja.jpg,m.01vfm2v,2,train
000000_00@en.jpg,m.025y4kr,2,test
000017_00@ja.jpg,m.025y4kr,2,test
000021_00@en.jpg,m.025y4kr,2,test
000019_00@ja.jpg,m.025y4kr,2,test
000013_00@ja.jpg,m.025y4kr,2,test
000036_00@ja.jpg,m.025y4kr,2,test
000024_01@en.jpg,m.025y4kr,2,test
000033_00@en.jpg,m.025y4kr,2,test
000029_00@ja.jpg,m.025y4kr,2,test
000017_00@en.jpg,m.025y4kr,2,test
000013_00@en.jpg,m.025y4kr,2,test
000023_00@ja.jpg,m.025y4kr,2,test
000028_00@ja.jpg,m.025y4kr,2,train
000018_00@ja.jpg,m.025y4kr,2,train
000021_00@ja.jpg,m.025y4kr,2,train
000001_00@ja.jpg,m.025y4kr,2,train
000031_03@en.jpg,m.025y4kr,2,train
000032_00@ja.jpg,m.025y4kr,2,train
000041_00@en.jpg,m.025y4kr,2,train
000003_00@ja.jpg,m.025y4kr,2,train
000035_01@en.jpg,m.025y4kr,2,train
000040_00@ja.jpg,m.025y4kr,2,train
000012_00@en.jpg,m.025y4kr,2,train
000002_00@ja.jpg,m.025y4kr,2,train
000016_00@ja.jpg,m.025y4kr,2,train
000026_00@ja.jpg,m.025y4kr,2,train
000014_00@ja.jpg,m.025y4kr,2,train
000022_00@en.jpg,m.025y4kr,2,train
000009_00@ja.jpg,m.025y4kr,2,train
000026_00@en.jpg,m.025y4kr,2,train
000031_00@ja.jpg,m.025y4kr,2,train
000028_00@en.jpg,m.025y4kr,2,train
000039_00@ja.jpg,m.025y4kr,2,train
000018_01@en.jpg,m.025y4kr,2,train
000020_00@en.jpg,m.025y4kr,2,train
000030_00@ja.jpg,m.025y4kr,2,train
000027_00@ja.jpg,m.025y4kr,2,train
000025_00@en.jpg,m.025y4kr,2,train
000000_00@ja.jpg,m.025y4kr,2,train
000012_00@ja.jpg,m.025y4kr,2,train
000040_00@en.jpg,m.025y4kr,2,train
000035_00@ja.jpg,m.025y4kr,2,train
000005_00@ja.jpg,m.025y4kr,2,train
000014_00@en.jpg,m.025y4kr,2,train
000007_00@ja.jpg,m.025y4kr,2,train
000008_00@en.jpg,m.025y4kr,2,train
000025_00@ja.jpg,m.025y4kr,2,train
000016_00@en.jpg,m.025y4kr,2,train
000024_00@ja.jpg,m.025y4kr,2,train
000006_00@en.jpg,m.025y4kr,2,train
000034_00@ja.jpg,m.025y4kr,2,train
000037_00@ja.jpg,m.025y4kr,2,train
000005_03@en.jpg,m.025y4kr,2,train
000009_00@en.jpg,m.025y4kr,2,train
000020_00@ja.jpg,m.025y4kr,2,train
000002_00@en.jpg,m.025y4kr,2,train
000008_00@ja.jpg,m.025y4kr,2,train
000030_02@en.jpg,m.025y4kr,2,train
000010_01@en.jpg,m.025y4kr,2,train
000032_00@en.jpg,m.025y4kr,2,train
000045_00@en.jpg,m.03c355h,2,test
000019_00@en.jpg,m.03c355h,2,test
000039_00@en.jpg,m.03c355h,2,test
000026_00@ja.jpg,m.03c355h,2,test
000018_00@en.jpg,m.03c355h,2,test
000034_00@en.jpg,m.03c355h,2,test
000033_00@en.jpg,m.03c355h,2,test
000029_00@en.jpg,m.03c355h,2,test
000000_00@en.jpg,m.03c355h,2,test
000027_00@en.jpg,m.03c355h,2,test
000023_02@en.jpg,m.03c355h,2,test
000032_00@en.jpg,m.03c355h,2,test
000003_00@ja.jpg,m.03c355h,2,train
000048_00@en.jpg,m.03c355h,2,train
000008_00@ja.jpg,m.03c355h,2,train
000002_00@en.jpg,m.03c355h,2,train
000047_00@en.jpg,m.03c355h,2,train
000041_00@ja.jpg,m.03c355h,2,train
000010_00@en.jpg,m.03c355h,2,train
000021_01@ja.jpg,m.03c355h,2,train
000044_00@en.jpg,m.03c355h,2,train
000036_00@en.jpg,m.03c355h,2,train
000014_00@en.jpg,m.03c355h,2,train
000019_01@ja.jpg,m.03c355h,2,train
000032_00@ja.jpg,m.03c355h,2,train
000030_02@ja.jpg,m.03c355h,2,train
000037_00@ja.jpg,m.03c355h,2,train
000004_00@en.jpg,m.03c355h,2,train
000012_00@en.jpg,m.03c355h,2,train
000040_00@en.jpg,m.03c355h,2,train
000031_00@ja.jpg,m.03c355h,2,train
000024_00@ja.jpg,m.03c355h,2,train
000035_00@en.jpg,m.03c355h,2,train
000009_00@en.jpg,m.03c355h,2,train
000028_00@ja.jpg,m.03c355h,2,train
000003_01@en.jpg,m.03c355h,2,train
000003_00@en.jpg,m.03c355h,2,train
000001_00@ja.jpg,m.03c355h,2,train
000023_00@ja.jpg,m.03c355h,2,train
000009_01@ja.jpg,m.03c355h,2,train
000005_00@en.jpg,m.03c355h,2,train
000023_01@en.jpg,m.03c355h,2,train
000018_00@ja.jpg,m.03c355h,2,train
000013_00@ja.jpg,m.03c355h,2,train
000044_00@ja.jpg,m.03c355h,2,train
000017_00@ja.jpg,m.03c355h,2,train
000014_00@ja.jpg,m.03c355h,2,train
000048_00@ja.jpg,m.03c355h,2,train
000017_02@en.jpg,m.03c355h,2,train
000025_00@en.jpg,m.03c355h,2,train
000002_00@ja.jpg,m.03c355h,2,train
000024_00@en.jpg,m.03c355h,2,train
000006_00@en.jpg,m.03c355h,2,train
000020_00@en.jpg,m.03c355h,2,train
000042_01@en.jpg,m.03c355h,2,train
000001_00@en.jpg,m.03c355h,2,train
000016_00@en.jpg,m.03c355h,2,train
000015_00@ja.jpg,m.03c355h,2,train
000023_00@en.jpg,m.03c355h,2,train
000005_00@ja.jpg,m.03c355h,2,train
000017_00@ja.jpg,m.0hn9wjt,2,test
000004_00@ms.jpg,m.0hn9wjt,2,test
000028_03@ja.jpg,m.0hn9wjt,2,test
000011_00@ja.jpg,m.0hn9wjt,2,test
000018_00@ms.jpg,m.0hn9wjt,2,test
000002_00@ms.jpg,m.0hn9wjt,2,test
000036_01@ja.jpg,m.0hn9wjt,2,test
000006_00@en.jpg,m.0hn9wjt,2,test
000026_00@en.jpg,m.0hn9wjt,2,test
000005_00@ja.jpg,m.0hn9wjt,2,test
000007_00@en.jpg,m.0hn9wjt,2,test
000013_00@ms.jpg,m.0hn9wjt,2,test
000025_00@ja.jpg,m.0hn9wjt,2,train
000012_00@en.jpg,m.0hn9wjt,2,train
000037_00@ja.jpg,m.0hn9wjt,2,train
000023_00@ja.jpg,m.0hn9wjt,2,train
000000_00@en.jpg,m.0hn9wjt,2,train
000000_00@ms.jpg,m.0hn9wjt,2,train
000008_00@en.jpg,m.0hn9wjt,2,train
000036_05@en.jpg,m.0hn9wjt,2,train
000021_00@en.jpg,m.0hn9wjt,2,train
000003_00@ms.jpg,m.0hn9wjt,2,train
000014_00@ja.jpg,m.0hn9wjt,2,train
000008_00@ms.jpg,m.0hn9wjt,2,train
000001_00@en.jpg,m.0hn9wjt,2,train
000025_00@ms.jpg,m.0hn9wjt,2,train
000002_00@ja.jpg,m.0hn9wjt,2,train
000008_00@ja.jpg,m.0hn9wjt,2,train
000011_00@ms.jpg,m.0hn9wjt,2,train
000005_00@en.jpg,m.0hn9wjt,2,train
000021_00@ms.jpg,m.0hn9wjt,2,train
000024_00@ms.jpg,m.0hn9wjt,2,train
000013_00@en.jpg,m.0hn9wjt,2,train
000032_00@ja.jpg,m.0hn9wjt,2,train
000026_00@ja.jpg,m.0hn9wjt,2,train
000010_00@ja.jpg,m.0hn9wjt,2,train
000006_00@ja.jpg,m.0hn9wjt,2,train
000017_00@ms.jpg,m.0hn9wjt,2,train
000029_00@ja.jpg,m.0hn9wjt,2,train
000004_00@ja.jpg,m.0hn9wjt,2,train
000016_00@ja.jpg,m.0hn9wjt,2,train
000007_00@ja.jpg,m.0hn9wjt,2,train
000025_00@en.jpg,m.0hn9wjt,2,train
000042_00@en.jpg,m.0hn9wjt,2,train
000020_00@ja.jpg,m.0hn9wjt,2,train
000001_00@ms.jpg,m.0hn9wjt,2,train
000023_00@ms.jpg,m.0hn9wjt,2,train
000030_00@ms.jpg,m.0hn9wjt,2,train
000002_00@en.jpg,m.0hn9wjt,2,train
000030_01@ja.jpg,m.0hn9wjt,2,train
000009_00@ms.jpg,m.0hn9wjt,2,train
000027_00@ja.jpg,m.0hn9wjt,2,train
000006_00@ms.jpg,m.0hn9wjt,2,train
000001_00@ja.jpg,m.0hn9wjt,2,train
000015_03@ja.jpg,m.0hn9wjt,2,train
000042_00@ms.jpg,m.0hn9wjt,2,train
000007_00@ms.jpg,m.0hn9wjt,2,train
000004_00@en.jpg,m.0hn9wjt,2,train
000012_00@ja.jpg,m.0hn9wjt,2,train
000013_00@ja.jpg,m.0hn9wjt,2,train
000000_00@ja.jpg,m.0jt66jg,2,test
000036_00@zh-Hant.jpg,m.0jt66jg,2,test
000021_00@ja.jpg,m.0jt66jg,2,test
000019_00@ja.jpg,m.0jt66jg,2,test
000010_00@zh-Hant.jpg,m.0jt66jg,2,test
000011_00@zh-Hant.jpg,m.0jt66jg,2,test
000017_00@ja.jpg,m.0jt66jg,2,test
000031_00@ja.jpg,m.0jt66jg,2,test
000004_00@en.jpg,m.0jt66jg,2,test
000034_00@ja.jpg,m.0jt66jg,2,test
000008_00@en.jpg,m.0jt66jg,2,test
000002_00@zh.jpg,m.0jt66jg,2,test
000012_00@en.jpg,m.0jt66jg,2,train
000032_00@zh-Hant.jpg,m.0jt66jg,2,train
000009_00@zh.jpg,m.0jt66jg,2,train
000013_00@ja.jpg,m.0jt66jg,2,train
000035_00@ja.jpg,m.0jt66jg,2,train
000000_00@en.jpg,m.0jt66jg,2,train
000000_00@zh.jpg,m.0jt66jg,2,train
000001_00@ja.jpg,m.0jt66jg,2,train
000019_00@zh.jpg,m.0jt66jg,2,train
000018_00@zh-Hant.jpg,m.0jt66jg,2,train
000002_00@zh-Hant.jpg,m.0jt66jg,2,train
000006_00@ja.jpg,m.0jt66jg,2,train
000036_00@ja.jpg,m.0jt66jg,2,train
000025_00@en.jpg,m.0jt66jg,2,train
000026_00@ja.jpg,m.0jt66jg,2,train
000033_00@zh-Hant.jpg,m.0jt66jg,2,train
000006_00@zh-Hant.jpg,m.0jt66jg,2,train
000005_00@zh-Hant.jpg,m.0jt66jg,2,train
000024_00@en.jpg,m.0jt66jg,2,train
000028_00@ja.jpg,m.0jt66jg,2,train
000030_00@en.jpg,m.0jt66jg,2,train
000028_00@zh-Hant.jpg,m.0jt66jg,2,train
000031_00@zh.jpg,m.0jt66jg,2,train
000020_00@ja.jpg,m.0jt66jg,2,train
000002_00@ja.jpg,m.0jt66jg,2,train
000035_00@zh-Hant.jpg,m.0jt66jg,2,train
000025_00@ja.jpg,m.0jt66jg,2,train
000034_00@zh-Hant.jpg,m.0jt66jg,2,train
000006_00@en.jpg,m.0jt66jg,2,train
000017_00@zh-Hant.jpg,m.0jt66jg,2,train
000026_00@zh-Hant.jpg,m.0jt66jg,2,train
000013_00@zh-Hant.jpg,m.0jt66jg,2,train
000035_00@en.jpg,m.0jt66jg,2,train
000007_00@ja.jpg,m.0jt66jg,2,train
000011_00@ja.jpg,m.0jt66jg,2,train
000001_00@zh-Hant.jpg,m.0jt66jg,2,train
000009_00@en.jpg,m.0jt66jg,2,train
000000_00@zh-Hant.jpg,m.0jt66jg,2,train
000001_00@zh.jpg,m.0jt66jg,2,train
000027_03@zh-Hant.jpg,m.0jt66jg,2,train
000023_00@ja.jpg,m.0jt66jg,2,train
000027_00@zh.jpg,m.0jt66jg,2,train
000019_00@zh-Hant.jpg,m.0jt66jg,2,train
000025_00@zh-Hant.jpg,m.0jt66jg,2,train
000016_00@ja.jpg,m.0jt66jg,2,train
000029_00@ja.jpg,m.0jt66jg,2,train
000014_00@zh-Hant.jpg,m.0jt66jg,2,train
000021_00@en.jpg,m.0jt66jg,2,train
000017_00@en.jpg,m.03gw8ss,2,test
000005_00@en.jpg,m.03gw8ss,2,test
000009_00@fil.jpg,m.03gw8ss,2,test
000020_01@en.jpg,m.03gw8ss,2,test
000006_00@ja.jpg,m.03gw8ss,2,test
000029_01@fil.jpg,m.03gw8ss,2,test
000001_00@en.jpg,m.03gw8ss,2,test
000020_00@fil.jpg,m.03gw8ss,2,test
000024_00@ja.jpg,m.03gw8ss,2,test
000000_00@fil.jpg,m.03gw8ss,2,test
000011_00@fil.jpg,m.03gw8ss,2,test
000018_00@ja.jpg,m.03gw8ss,2,test
000010_00@ja.jpg,m.03gw8ss,2,train
000030_07@zh.jpg,m.03gw8ss,2,train
000005_00@zh.jpg,m.03gw8ss,2,train
000025_00@fil.jpg,m.03gw8ss,2,train
000000_00@ja.jpg,m.03gw8ss,2,train
000006_00@zh.jpg,m.03gw8ss,2,train
000004_00@ja.jpg,m.03gw8ss,2,train
000015_00@zh.jpg,m.03gw8ss,2,train
000012_00@ja.jpg,m.03gw8ss,2,train
000007_00@fil.jpg,m.03gw8ss,2,train
000000_00@en.jpg,m.03gw8ss,2,train
000022_00@ja.jpg,m.03gw8ss,2,train
000012_01@ja.jpg,m.03gw8ss,2,train
000027_00@zh.jpg,m.03gw8ss,2,train
000008_00@ja.jpg,m.03gw8ss,2,train
000011_00@ja.jpg,m.03gw8ss,2,train
000016_00@fil.jpg,m.03gw8ss,2,train
000013_00@fil.jpg,m.03gw8ss,2,train
000023_00@ja.jpg,m.03gw8ss,2,train
000025_00@ja.jpg,m.03gw8ss,2,train
000005_00@ja.jpg,m.03gw8ss,2,train
000001_00@ja.jpg,m.03gw8ss,2,train
000013_00@ja.jpg,m.03gw8ss,2,train
000012_00@fil.jpg,m.03gw8ss,2,train
000032_00@ja.jpg,m.03gw8ss,2,train
000002_00@fil.jpg,m.03gw8ss,2,train
000018_00@en.jpg,m.03gw8ss,2,train
000002_00@ja.jpg,m.03gw8ss,2,train
000002_00@zh.jpg,m.03gw8ss,2,train
000030_06@zh.jpg,m.03gw8ss,2,train
000008_00@fil.jpg,m.03gw8ss,2,train
000007_00@ja.jpg,m.03gw8ss,2,train
000019_00@fil.jpg,m.03gw8ss,2,train
000024_00@fil.jpg,m.03gw8ss,2,train
000019_00@ja.jpg,m.03gw8ss,2,train
000003_00@fil.jpg,m.03gw8ss,2,train
000022_00@fil.jpg,m.03gw8ss,2,train
000017_00@ja.jpg,m.03gw8ss,2,train
000004_00@en.jpg,m.03gw8ss,2,train
000009_00@ja.jpg,m.03gw8ss,2,train
000026_00@ja.jpg,m.03gw8ss,2,train
000003_00@ja.jpg,m.03gw8ss,2,train
000017_00@fil.jpg,m.03gw8ss,2,train
000029_01@en.jpg,m.03gw8ss,2,train
000020_00@ja.jpg,m.03gw8ss,2,train
000021_00@fil.jpg,m.03gw8ss,2,train
000005_00@fil.jpg,m.03gw8ss,2,train
000031_00@fil.jpg,m.03gw8ss,2,train
000021_00@zh.jpg,m.0zg9h1c,2,test
000005_01@zh.jpg,m.0zg9h1c,2,test
000014_00@zh.jpg,m.0zg9h1c,2,test
000010_01@zh-Hant.jpg,m.0zg9h1c,2,test
000026_00@zh.jpg,m.0zg9h1c,2,test
000015_00@zh-Hant.jpg,m.0zg9h1c,2,test
000023_01@zh.jpg,m.0zg9h1c,2,test
000000_00@en.jpg,m.0zg9h1c,2,test
000004_00@en.jpg,m.0zg9h1c,2,test
000004_00@zh.jpg,m.0zg9h1c,2,test
000009_00@zh-Hant.jpg,m.0zg9h1c,2,test
000000_01@zh-Hant.jpg,m.0zg9h1c,2,test
000011_00@en.jpg,m.0zg9h1c,2,train
000001_00@zh-Hant.jpg,m.0zg9h1c,2,train
000006_00@en.jpg,m.0zg9h1c,2,train
000001_01@zh.jpg,m.0zg9h1c,2,train
000006_01@zh-Hant.jpg,m.0zg9h1c,2,train
000023_01@zh-Hant.jpg,m.0zg9h1c,2,train
000021_00@en.jpg,m.0zg9h1c,2,train
000007_00@zh.jpg,m.0zg9h1c,2,train
000000_00@zh.jpg,m.0zg9h1c,2,train
000018_00@zh-Hant.jpg,m.0zg9h1c,2,train
000007_01@en.jpg,m.0zg9h1c,2,train
000022_00@zh.jpg,m.0zg9h1c,2,train
000024_00@zh.jpg,m.0zg9h1c,2,train
000002_01@zh-Hant.jpg,m.0zg9h1c,2,train
000027_01@zh-Hant.jpg,m.0zg9h1c,2,train
000019_00@zh-Hant.jpg,m.0zg9h1c,2,train
000010_00@en.jpg,m.0zg9h1c,2,train
000014_00@en.jpg,m.0zg9h1c,2,train
000012_01@zh-Hant.jpg,m.0zg9h1c,2,train
000008_00@zh-Hant.jpg,m.0zg9h1c,2,train
000009_00@en.jpg,m.0zg9h1c,2,train
000007_00@zh-Hant.jpg,m.0zg9h1c,2,train
000012_00@en.jpg,m.0zg9h1c,2,train
000010_00@zh.jpg,m.0zg9h1c,2,train
000013_02@en.jpg,m.0zg9h1c,2,train
000014_00@zh-Hant.jpg,m.0zg9h1c,2,train
000011_03@zh.jpg,m.0zg9h1c,2,train
000027_01@zh.jpg,m.0zg9h1c,2,train
000021_00@zh-Hant.jpg,m.0zg9h1c,2,train
000001_00@zh.jpg,m.0zg9h1c,2,train
000002_00@zh-Hant.jpg,m.0zg9h1c,2,train
000026_00@zh-Hant.jpg,m.0zg9h1c,2,train
000022_00@en.jpg,m.0zg9h1c,2,train
000013_00@zh.jpg,m.0zg9h1c,2,train
000023_00@zh-Hant.jpg,m.0zg9h1c,2,train
000005_00@en.jpg,m.0zg9h1c,2,train
000013_00@zh-Hant.jpg,m.0zg9h1c,2,train
000004_00@zh-Hant.jpg,m.0zg9h1c,2,train
000023_00@zh.jpg,m.0zg9h1c,2,train
000028_01@en.jpg,m.0zg9h1c,2,train
000015_00@en.jpg,m.0zg9h1c,2,train
000002_00@en.jpg,m.0zg9h1c,2,train
000012_00@zh.jpg,m.0zg9h1c,2,train
000020_01@zh.jpg,m.0zg9h1c,2,train
000003_01@en.jpg,m.0zg9h1c,2,train
000005_00@zh-Hant.jpg,m.0zg9h1c,2,train
000026_01@en.jpg,m.0zg9h1c,2,train
000028_00@zh.jpg,m.0zg9h1c,2,train
000018_00@en.jpg,m.0n476ww,2,test
000063_00@ja.jpg,m.0n476ww,2,test
000004_00@ja.jpg,m.0n476ww,2,test
000056_00@ja.jpg,m.0n476ww,2,test
000041_00@ja.jpg,m.0n476ww,2,test
000012_00@en.jpg,m.0n476ww,2,test
000021_00@en.jpg,m.0n476ww,2,test
000045_00@ja.jpg,m.0n476ww,2,test
000016_00@ja.jpg,m.0n476ww,2,test
000031_01@ja.jpg,m.0n476ww,2,test
000034_00@ja.jpg,m.0n476ww,2,test
000021_00@ja.jpg,m.0n476ww,2,test
000017_00@ja.jpg,m.0n476ww,2,train
000000_00@ja.jpg,m.0n476ww,2,train
000025_00@ja.jpg,m.0n476ww,2,train
000020_00@ja.jpg,m.0n476ww,2,train
000058_00@ja.jpg,m.0n476ww,2,train
000032_00@ja.jpg,m.0n476ww,2,train
000022_00@ja.jpg,m.0n476ww,2,train
000037_00@ja.jpg,m.0n476ww,2,train
000006_00@ja.jpg,m.0n476ww,2,train
000026_00@ja.jpg,m.0n476ww,2,train
000059_00@ja.jpg,m.0n476ww,2,train
000001_00@ja.jpg,m.0n476ww,2,train
000014_00@en.jpg,m.0n476ww,2,train
000055_00@ja.jpg,m.0n476ww,2,train
000010_00@ja.jpg,m.0n476ww,2,train
000002_00@en.jpg,m.0n476ww,2,train
000063_01@ja.jpg,m.0n476ww,2,train
000012_00@ja.jpg,m.0n476ww,2,train
000022_00@en.jpg,m.0n476ww,2,train
000000_01@ja.jpg,m.0n476ww,2,train
000043_00@en.jpg,m.0n476ww,2,train
000054_00@ja.jpg,m.0n476ww,2,train
000065_00@ja.jpg,m.0n476ww,2,train
000024_00@ja.jpg,m.0n476ww,2,train
000038_00@ja.jpg,m.0n476ww,2,train
000006_00@en.jpg,m.0n476ww,2,train
000007_00@ja.jpg,m.0n476ww,2,train
000035_00@ja.jpg,m.0n476ww,2,train
000060_00@ja.jpg,m.0n476ww,2,train
000000_00@en.jpg,m.0n476ww,2,train
000013_00@ja.jpg,m.0n476ww,2,train
000008_00@ja.jpg,m.0n476ww,2,train
000003_00@en.jpg,m.0n476ww,2,train
000005_00@ja.jpg,m.0n476ww,2,train
000027_00@ja.jpg,m.0n476ww,2,train
000015_00@ja.jpg,m.0n476ww,2,train
000061_00@ja.jpg,m.0n476ww,2,train
000039_00@ja.jpg,m.0n476ww,2,train
000028_00@ja.jpg,m.0n476ww,2,train
000043_00@ja.jpg,m.0n476ww,2,train
000005_00@en.jpg,m.0n476ww,2,train
000003_00@ja.jpg,m.0n476ww,2,train
000044_00@ja.jpg,m.0n476ww,2,train
000051_00@ja.jpg,m.0n476ww,2,train
000011_00@en.jpg,m.0n476ww,2,train
000017_00@en.jpg,m.0n476ww,2,train
000008_01@ja.jpg,m.0n476ww,2,train
000001_00@en.jpg,m.0n476ww,2,train
000018_00@en.jpg,m.04n03h8,2,test
000131_00@en.jpg,m.04n03h8,2,test
000028_00@en.jpg,m.04n03h8,2,test
000038_00@en.jpg,m.04n03h8,2,test
000020_01@en.jpg,m.04n03h8,2,test
000049_00@en.jpg,m.04n03h8,2,test
000035_00@en.jpg,m.04n03h8,2,test
000026_00@en.jpg,m.04n03h8,2,test
000023_00@en.jpg,m.04n03h8,2,test
000021_00@en.jpg,m.04n03h8,2,test
000070_00@en.jpg,m.04n03h8,2,test
000127_01@en.jpg,m.04n03h8,2,test
000011_00@en.jpg,m.04n03h8,2,train
000110_00@en.jpg,m.04n03h8,2,train
000017_00@en.jpg,m.04n03h8,2,train
000064_00@en.jpg,m.04n03h8,2,train
000022_00@en.jpg,m.04n03h8,2,train
000013_00@en.jpg,m.04n03h8,2,train
000126_00@en.jpg,m.04n03h8,2,train
000067_00@en.jpg,m.04n03h8,2,train
000033_00@en.jpg,m.04n03h8,2,train
000124_02@en.jpg,m.04n03h8,2,train
000061_00@en.jpg,m.04n03h8,2,train
000117_00@en.jpg,m.04n03h8,2,train
000000_00@en.jpg,m.04n03h8,2,train
000025_00@en.jpg,m.04n03h8,2,train
000112_00@en.jpg,m.04n03h8,2,train
000037_00@en.jpg,m.04n03h8,2,train
000002_00@en.jpg,m.04n03h8,2,train
000094_00@en.jpg,m.04n03h8,2,train
000041_00@en.jpg,m.04n03h8,2,train
000089_00@en.jpg,m.04n03h8,2,train
000111_00@en.jpg,m.04n03h8,2,train
000040_00@en.jpg,m.04n03h8,2,train
000050_00@en.jpg,m.04n03h8,2,train
000010_00@en.jpg,m.04n03h8,2,train
000104_00@en.jpg,m.04n03h8,2,train
000080_00@en.jpg,m.04n03h8,2,train
000014_00@en.jpg,m.04n03h8,2,train
000113_00@en.jpg,m.04n03h8,2,train
000056_00@en.jpg,m.04n03h8,2,train
000069_00@en.jpg,m.04n03h8,2,train
000072_00@en.jpg,m.04n03h8,2,train
000030_00@en.jpg,m.04n03h8,2,train
000118_00@en.jpg,m.04n03h8,2,train
000065_00@en.jpg,m.04n03h8,2,train
000001_00@en.jpg,m.04n03h8,2,train
000054_00@en.jpg,m.04n03h8,2,train
000015_00@en.jpg,m.04n03h8,2,train
000114_00@en.jpg,m.04n03h8,2,train
000130_00@en.jpg,m.04n03h8,2,train
000091_00@en.jpg,m.04n03h8,2,train
000003_00@en.jpg,m.04n03h8,2,train
000089_01@en.jpg,m.04n03h8,2,train
000095_00@en.jpg,m.04n03h8,2,train
000029_00@en.jpg,m.04n03h8,2,train
000085_00@en.jpg,m.04n03h8,2,train
000007_00@en.jpg,m.04n03h8,2,train
000051_00@en.jpg,m.04n03h8,2,train
000128_01@en.jpg,m.04n03h8,2,train
75-FaceId-0_align.jpg,m.03bz141,3,test
54-FaceId-0_align.jpg,m.03bz141,3,test
95-FaceId-0_align.jpg,m.03bz141,3,test
22-FaceId-0_align.jpg,m.03bz141,3,test
100-FaceId-0_align.jpg,m.03bz141,3,test
70-FaceId-0_align.jpg,m.03bz141,3,test
105-FaceId-0_align.jpg,m.03bz141,3,test
59-FaceId-0_align.jpg,m.03bz141,3,test
31-FaceId-0_align.jpg,m.03bz141,3,test
62-FaceId-0_align.jpg,m.03bz141,3,test
91-FaceId-0_align.jpg,m.03bz141,3,test
40-FaceId-0_align.jpg,m.03bz141,3,test
74-FaceId-0_align.jpg,m.03bz141,3,train
7-FaceId-0_align.jpg,m.03bz141,3,train
109-FaceId-0_align.jpg,m.03bz141,3,train
11-FaceId-0_align.jpg,m.03bz141,3,train
101-FaceId-0_align.jpg,m.03bz141,3,train
52-FaceId-0_align.jpg,m.03bz141,3,train
103-FaceId-0_align.jpg,m.03bz141,3,train
35-FaceId-0_align.jpg,m.03bz141,3,train
4-FaceId-0_align.jpg,m.03bz141,3,train
46-FaceId-0_align.jpg,m.03bz141,3,train
76-FaceId-0_align.jpg,m.03bz141,3,train
32-FaceId-0_align.jpg,m.03bz141,3,train
27-FaceId-0_align.jpg,m.03bz141,3,train
34-FaceId-0_align.jpg,m.03bz141,3,train
21-FaceId-0_align.jpg,m.03bz141,3,train
33-FaceId-0_align.jpg,m.03bz141,3,train
99-FaceId-0_align.jpg,m.03bz141,3,train
106-FaceId-0_align.jpg,m.03bz141,3,train
123-FaceId-0_align.jpg,m.03bz141,3,train
67-FaceId-0_align.jpg,m.03bz141,3,train
19-FaceId-0_align.jpg,m.03bz141,3,train
3-FaceId-0_align.jpg,m.03bz141,3,train
72-FaceId-0_align.jpg,m.03bz141,3,train
69-FaceId-0_align.jpg,m.03bz141,3,train
18-FaceId-0_align.jpg,m.03bz141,3,train
47-FaceId-0_align.jpg,m.03bz141,3,train
51-FaceId-0_align.jpg,m.03bz141,3,train
38-FaceId-0_align.jpg,m.03bz141,3,train
24-FaceId-0_align.jpg,m.03bz141,3,train
42-FaceId-0_align.jpg,m.03bz141,3,train
26-FaceId-0_align.jpg,m.03bz141,3,train
117-FaceId-0_align.jpg,m.03bz141,3,train
121-FaceId-0_align.jpg,m.03bz141,3,train
50-FaceId-0_align.jpg,m.03bz141,3,train
14-FaceId-0_align.jpg,m.03bz141,3,train
48-FaceId-0_align.jpg,m.03bz141,3,train
94-FaceId-0_align.jpg,m.03bz141,3,train
77-FaceId-0_align.jpg,m.03bz141,3,train
2-FaceId-0_align.jpg,m.03bz141,3,train
41-FaceId-0_align.jpg,m.03bz141,3,train
49-FaceId-0_align.jpg,m.03bz141,3,train
89-FaceId-0_align.jpg,m.03bz141,3,train
86-FaceId-0_align.jpg,m.03bz141,3,train
122-FaceId-0_align.jpg,m.03bz141,3,train
96-FaceId-0_align.jpg,m.03bz141,3,train
29-FaceId-0_align.jpg,m.03bz141,3,train
110-FaceId-0_align.jpg,m.03bz141,3,train
8-FaceId-0_align.jpg,m.03bz141,3,train
42-FaceId-0_align.jpg,m.0fxr_v,3,test
50-FaceId-0_align.jpg,m.0fxr_v,3,test
71-FaceId-0_align.jpg,m.0fxr_v,3,test
62-FaceId-0_align.jpg,m.0fxr_v,3,test
4-FaceId-0_align.jpg,m.0fxr_v,3,test
58-FaceId-1_align.jpg,m.0fxr_v,3,test
37-FaceId-0_align.jpg,m.0fxr_v,3,test
61-FaceId-0_align.jpg,m.0fxr_v,3,test
10-FaceId-0_align.jpg,m.0fxr_v,3,test
33-FaceId-0_align.jpg,m.0fxr_v,3,test
74-FaceId-0_align.jpg,m.0fxr_v,3,test
26-FaceId-0_align.jpg,m.0fxr_v,3,test
65-FaceId-0_align.jpg,m.0fxr_v,3,train
67-FaceId-0_align.jpg,m.0fxr_v,3,train
12-FaceId-0_align.jpg,m.0fxr_v,3,train
24-FaceId-0_align.jpg,m.0fxr_v,3,train
89-FaceId-0_align.jpg,m.0fxr_v,3,train
114-FaceId-0_align.jpg,m.0fxr_v,3,train
90-FaceId-0_align.jpg,m.0fxr_v,3,train
13-FaceId-0_align.jpg,m.0fxr_v,3,train
48-FaceId-0_align.jpg,m.0fxr_v,3,train
83-FaceId-0_align.jpg,m.0fxr_v,3,train
117-FaceId-0_align.jpg,m.0fxr_v,3,train
78-FaceId-0_align.jpg,m.0fxr_v,3,train
115-FaceId-0_align.jpg,m.0fxr_v,3,train
64-FaceId-0_align.jpg,m.0fxr_v,3,train
94-FaceId-0_align.jpg,m.0fxr_v,3,train
56-FaceId-0_align.jpg,m.0fxr_v,3,train
16-FaceId-0_align.jpg,m.0fxr_v,3,train
104-FaceId-0_align.jpg,m.0fxr_v,3,train
46-FaceId-0_align.jpg,m.0fxr_v,3,train
68-FaceId-0_align.jpg,m.0fxr_v,3,train
39-FaceId-0_align.jpg,m.0fxr_v,3,train
96-FaceId-0_align.jpg,m.0fxr_v,3,train
82-FaceId-0_align.jpg,m.0fxr_v,3,train
20-FaceId-0_align.jpg,m.0fxr_v,3,train
77-FaceId-0_align.jpg,m.0fxr_v,3,train
25-FaceId-0_align.jpg,m.0fxr_v,3,train
11-FaceId-0_align.jpg,m.0fxr_v,3,train
19-FaceId-0_align.jpg,m.0fxr_v,3,train
93-FaceId-0_align.jpg,m.0fxr_v,3,train
97-FaceId-0_align.jpg,m.0fxr_v,3,train
30-FaceId-0_align.jpg,m.0fxr_v,3,train
99-FaceId-0_align.jpg,m.0fxr_v,3,train
17-FaceId-0_align.jpg,m.0fxr_v,3,train
73-FaceId-0_align.jpg,m.0fxr_v,3,train
28-FaceId-0_align.jpg,m.0fxr_v,3,train
5-FaceId-0_align.jpg,m.0fxr_v,3,train
88-FaceId-0_align.jpg,m.0fxr_v,3,train
7-FaceId-0_align.jpg,m.0fxr_v,3,train
44-FaceId-0_align.jpg,m.0fxr_v,3,train
45-FaceId-0_align.jpg,m.0fxr_v,3,train
27-FaceId-0_align.jpg,m.0fxr_v,3,train
75-FaceId-0_align.jpg,m.0fxr_v,3,train
29-FaceId-0_align.jpg,m.0fxr_v,3,train
8-FaceId-0_align.jpg,m.0fxr_v,3,train
113-FaceId-0_align.jpg,m.0fxr_v,3,train
38-FaceId-0_align.jpg,m.0fxr_v,3,train
111-FaceId-0_align.jpg,m.0fxr_v,3,train
69-FaceId-0_align.jpg,m.0fxr_v,3,train
50-FaceId-0_align.jpg,m.0chd66,3,test
30-FaceId-0_align.jpg,m.0chd66,3,test
102-FaceId-0_align.jpg,m.0chd66,3,test
66-FaceId-0_align.jpg,m.0chd66,3,test
89-FaceId-0_align.jpg,m.0chd66,3,test
85-FaceId-0_align.jpg,m.0chd66,3,test
91-FaceId-0_align.jpg,m.0chd66,3,test
101-FaceId-0_align.jpg,m.0chd66,3,test
20-FaceId-0_align.jpg,m.0chd66,3,test
104-FaceId-0_align.jpg,m.0chd66,3,test
4-FaceId-0_align.jpg,m.0chd66,3,test
87-FaceId-0_align.jpg,m.0chd66,3,test
75-FaceId-0_align.jpg,m.0chd66,3,train
114-FaceId-1_align.jpg,m.0chd66,3,train
17-FaceId-0_align.jpg,m.0chd66,3,train
54-FaceId-0_align.jpg,m.0chd66,3,train
72-FaceId-0_align.jpg,m.0chd66,3,train
39-FaceId-0_align.jpg,m.0chd66,3,train
16-FaceId-0_align.jpg,m.0chd66,3,train
22-FaceId-0_align.jpg,m.0chd66,3,train
29-FaceId-1_align.jpg,m.0chd66,3,train
92-FaceId-0_align.jpg,m.0chd66,3,train
84-FaceId-0_align.jpg,m.0chd66,3,train
46-FaceId-0_align.jpg,m.0chd66,3,train
55-FaceId-0_align.jpg,m.0chd66,3,train
47-FaceId-0_align.jpg,m.0chd66,3,train
13-FaceId-0_align.jpg,m.0chd66,3,train
10-FaceId-0_align.jpg,m.0chd66,3,train
73-FaceId-0_align.jpg,m.0chd66,3,train
38-FaceId-0_align.jpg,m.0chd66,3,train
69-FaceId-0_align.jpg,m.0chd66,3,train
106-FaceId-0_align.jpg,m.0chd66,3,train
88-FaceId-0_align.jpg,m.0chd66,3,train
7-FaceId-0_align.jpg,m.0chd66,3,train
59-FaceId-0_align.jpg,m.0chd66,3,train
37-FaceId-0_align.jpg,m.0chd66,3,train
44-FaceId-0_align.jpg,m.0chd66,3,train
6-FaceId-0_align.jpg,m.0chd66,3,train
1-FaceId-0_align.jpg,m.0chd66,3,train
79-FaceId-0_align.jpg,m.0chd66,3,train
53-FaceId-0_align.jpg,m.0chd66,3,train
15-FaceId-0_align.jpg,m.0chd66,3,train
45-FaceId-0_align.jpg,m.0chd66,3,train
64-FaceId-0_align.jpg,m.0chd66,3,train
105-FaceId-0_align.jpg,m.0chd66,3,train
25-FaceId-0_align.jpg,m.0chd66,3,train
112-FaceId-0_align.jpg,m.0chd66,3,train
82-FaceId-0_align.jpg,m.0chd66,3,train
11-FaceId-0_align.jpg,m.0chd66,3,train
96-FaceId-0_align.jpg,m.0chd66,3,train
5-FaceId-0_align.jpg,m.0chd66,3,train
36-FaceId-0_align.jpg,m.0chd66,3,train
86-FaceId-0_align.jpg,m.0chd66,3,train
27-FaceId-0_align.jpg,m.0chd66,3,train
115-FaceId-1_align.jpg,m.0chd66,3,train
12-FaceId-0_align.jpg,m.0chd66,3,train
49-FaceId-0_align.jpg,m.0chd66,3,train
57-FaceId-0_align.jpg,m.0chd66,3,train
113-FaceId-0_align.jpg,m.0chd66,3,train
8-FaceId-0_align.jpg,m.0chd66,3,train
19-FaceId-0_align.jpg,m.0437ps,3,test
62-FaceId-0_align.jpg,m.0437ps,3,test
80-FaceId-0_align.jpg,m.0437ps,3,test
72-FaceId-0_align.jpg,m.0437ps,3,test
40-FaceId-0_align.jpg,m.0437ps,3,test
101-FaceId-0_align.jpg,m.0437ps,3,test
99-FaceId-0_align.jpg,m.0437ps,3,test
64-FaceId-0_align.jpg,m.0437ps,3,test
68-FaceId-0_align.jpg,m.0437ps,3,test
29-FaceId-1_align.jpg,m.0437ps,3,test
44-FaceId-0_align.jpg,m.0437ps,3,test
31-FaceId-0_align.jpg,m.0437ps,3,test
0-FaceId-0_align.jpg,m.0437ps,3,train
84-FaceId-0_align.jpg,m.0437ps,3,train
56-FaceId-0_align.jpg,m.0437ps,3,train
32-FaceId-1_align.jpg,m.0437ps,3,train
33-FaceId-0_align.jpg,m.0437ps,3,train
4-FaceId-0_align.jpg,m.0437ps,3,train
50-FaceId-0_align.jpg,m.0437ps,3,train
5-FaceId-0_align.jpg,m.0437ps,3,train
87-FaceId-0_align.jpg,m.0437ps,3,train
9-FaceId-0_align.jpg,m.0437ps,3,train
75-FaceId-0_align.jpg,m.0437ps,3,train
82-FaceId-0_align.jpg,m.0437ps,3,train
89-FaceId-0_align.jpg,m.0437ps,3,train
23-FaceId-0_align.jpg,m.0437ps,3,train
90-FaceId-0_align.jpg,m.0437ps,3,train
65-FaceId-0_align.jpg,m.0437ps,3,train
25-FaceId-0_align.jpg,m.0437ps,3,train
61-FaceId-0_align.jpg,m.0437ps,3,train
96-FaceId-0_align.jpg,m.0437ps,3,train
26-FaceId-0_align.jpg,m.0437ps,3,train
57-FaceId-0_align.jpg,m.0437ps,3,train
45-FaceId-0_align.jpg,m.0437ps,3,train
51-FaceId-0_align.jpg,m.0437ps,3,train
43-FaceId-0_align.jpg,m.0437ps,3,train
2-FaceId-0_align.jpg,m.0437ps,3,train
71-FaceId-0_align.jpg,m.0437ps,3,train
93-FaceId-0_align.jpg,m.0437ps,3,train
21-FaceId-0_align.jpg,m.0437ps,3,train
86-FaceId-0_align.jpg,m.0437ps,3,train
42-FaceId-0_align.jpg,m.0437ps,3,train
36-FaceId-0_align.jpg,m.0437ps,3,train
10-FaceId-0_align.jpg,m.0437ps,3,train
66-FaceId-1_align.jpg,m.0437ps,3,train
20-FaceId-0_align.jpg,m.0437ps,3,train
22-FaceId-0_align.jpg,m.0437ps,3,train
81-FaceId-0_align.jpg,m.0437ps,3,train
12-FaceId-4_align.jpg,m.0437ps,3,train
47-FaceId-0_align.jpg,m.0437ps,3,train
28-FaceId-0_align.jpg,m.0437ps,3,train
39-FaceId-0_align.jpg,m.0437ps,3,train
98-FaceId-0_align.jpg,m.0437ps,3,train
3-FaceId-0_align.jpg,m.0437ps,3,train
52-FaceId-0_align.jpg,m.0437ps,3,train
59-FaceId-0_align.jpg,m.0437ps,3,train
30-FaceId-0_align.jpg,m.0437ps,3,train
73-FaceId-0_align.jpg,m.0437ps,3,train
55-FaceId-0_align.jpg,m.0437ps,3,train
27-FaceId-0_align.jpg,m.0437ps,3,train
74-FaceId-0_align.jpg,m.0415n32,3,test
115-FaceId-0_align.jpg,m.0415n32,3,test
29-FaceId-0_align.jpg,m.0415n32,3,test
41-FaceId-0_align.jpg,m.0415n32,3,test
48-FaceId-0_align.jpg,m.0415n32,3,test
62-FaceId-0_align.jpg,m.0415n32,3,test
28-FaceId-0_align.jpg,m.0415n32,3,test
101-FaceId-0_align.jpg,m.0415n32,3,test
94-FaceId-0_align.jpg,m.0415n32,3,test
19-FaceId-0_align.jpg,m.0415n32,3,test
84-FaceId-0_align.jpg,m.0415n32,3,test
49-FaceId-0_align.jpg,m.0415n32,3,test
79-FaceId-0_align.jpg,m.0415n32,3,train
3-FaceId-0_align.jpg,m.0415n32,3,train
63-FaceId-0_align.jpg,m.0415n32,3,train
109-FaceId-0_align.jpg,m.0415n32,3,train
13-FaceId-0_align.jpg,m.0415n32,3,train
116-FaceId-0_align.jpg,m.0415n32,3,train
85-FaceId-0_align.jpg,m.0415n32,3,train
54-FaceId-0_align.jpg,m.0415n32,3,train
57-FaceId-0_align.jpg,m.0415n32,3,train
93-FaceId-0_align.jpg,m.0415n32,3,train
81-FaceId-0_align.jpg,m.0415n32,3,train
32-FaceId-0_align.jpg,m.0415n32,3,train
80-FaceId-0_align.jpg,m.0415n32,3,train
24-FaceId-0_align.jpg,m.0415n32,3,train
40-FaceId-0_align.jpg,m.0415n32,3,train
52-FaceId-0_align.jpg,m.0415n32,3,train
35-FaceId-0_align.jpg,m.0415n32,3,train
42-FaceId-0_align.jpg,m.0415n32,3,train
60-FaceId-0_align.jpg,m.0415n32,3,train
104-FaceId-0_align.jpg,m.0415n32,3,train
36-FaceId-0_align.jpg,m.0415n32,3,train
1-FaceId-0_align.jpg,m.0415n32,3,train
65-FaceId-0_align.jpg,m.0415n32,3,train
44-FaceId-0_align.jpg,m.0415n32,3,train
31-FaceId-0_align.jpg,m.0415n32,3,train
118-FaceId-0_align.jpg,m.0415n32,3,train
46-FaceId-0_align.jpg,m.0415n32,3,train
61-FaceId-0_align.jpg,m.0415n32,3,train
100-FaceId-0_align.jpg,m.0415n32,3,train
39-FaceId-0_align.jpg,m.0415n32,3,train
90-FaceId-0_align.jpg,m.0415n32,3,train
22-FaceId-0_align.jpg,m.0415n32,3,train
91-FaceId-0_align.jpg,m.0415n32,3,train
72-FaceId-0_align.jpg,m.0415n32,3,train
111-FaceId-0_align.jpg,m.0415n32,3,train
64-FaceId-0_align.jpg,m.0415n32,3,train
99-FaceId-0_align.jpg,m.0415n32,3,train
86-FaceId-0_align.jpg,m.0415n32,3,train
21-FaceId-0_align.jpg,m.0415n32,3,train
23-FaceId-0_align.jpg,m.0415n32,3,train
59-FaceId-0_align.jpg,m.0415n32,3,train
73-FaceId-0_align.jpg,m.0415n32,3,train
43-FaceId-0_align.jpg,m.0415n32,3,train
5-FaceId-0_align.jpg,m.0415n32,3,train
9-FaceId-0_align.jpg,m.0415n32,3,train
83-FaceId-0_align.jpg,m.0415n32,3,train
55-FaceId-0_align.jpg,m.0415n32,3,train
20-FaceId-0_align.jpg,m.0415n32,3,train
102-FaceId-0_align.jpg,m.02ryn_3,3,test
21-FaceId-0_align.jpg,m.02ryn_3,3,test
35-FaceId-0_align.jpg,m.02ryn_3,3,test
9-FaceId-0_align.jpg,m.02ryn_3,3,test
22-FaceId-0_align.jpg,m.02ryn_3,3,test
63-FaceId-0_align.jpg,m.02ryn_3,3,test
55-FaceId-0_align.jpg,m.02ryn_3,3,test
86-FaceId-0_align.jpg,m.02ryn_3,3,test
41-FaceId-0_align.jpg,m.02ryn_3,3,test
65-FaceId-0_align.jpg,m.02ryn_3,3,test
61-FaceId-1_align.jpg,m.02ryn_3,3,test
88-FaceId-0_align.jpg,m.02ryn_3,3,test
1-FaceId-0_align.jpg,m.02ryn_3,3,train
11-FaceId-0_align.jpg,m.02ryn_3,3,train
0-FaceId-0_align.jpg,m.02ryn_3,3,train
61-FaceId-0_align.jpg,m.02ryn_3,3,train
47-FaceId-1_align.jpg,m.02ryn_3,3,train
31-FaceId-0_align.jpg,m.02ryn_3,3,train
68-FaceId-0_align.jpg,m.02ryn_3,3,train
72-FaceId-0_align.jpg,m.02ryn_3,3,train
76-FaceId-0_align.jpg,m.02ryn_3,3,train
14-FaceId-0_align.jpg,m.02ryn_3,3,train
23-FaceId-0_align.jpg,m.02ryn_3,3,train
13-FaceId-0_align.jpg,m.02ryn_3,3,train
24-FaceId-0_align.jpg,m.02ryn_3,3,train
98-FaceId-0_align.jpg,m.02ryn_3,3,train
12-FaceId-0_align.jpg,m.02ryn_3,3,train
85-FaceId-0_align.jpg,m.02ryn_3,3,train
103-FaceId-2_align.jpg,m.02ryn_3,3,train
94-FaceId-0_align.jpg,m.02ryn_3,3,train
79-FaceId-0_align.jpg,m.02ryn_3,3,train
45-FaceId-0_align.jpg,m.02ryn_3,3,train
82-FaceId-0_align.jpg,m.02ryn_3,3,train
42-FaceId-1_align.jpg,m.02ryn_3,3,train
6-FaceId-0_align.jpg,m.02ryn_3,3,train
32-FaceId-0_align.jpg,m.02ryn_3,3,train
74-FaceId-0_align.jpg,m.02ryn_3,3,train
10-FaceId-0_align.jpg,m.02ryn_3,3,train
103-FaceId-0_align.jpg,m.02ryn_3,3,train
8-FaceId-0_align.jpg,m.02ryn_3,3,train
69-FaceId-0_align.jpg,m.02ryn_3,3,train
90-FaceId-0_align.jpg,m.02ryn_3,3,train
112-FaceId-0_align.jpg,m.02ryn_3,3,train
67-FaceId-0_align.jpg,m.02ryn_3,3,train
2-FaceId-0_align.jpg,m.02ryn_3,3,train
40-FaceId-0_align.jpg,m.02ryn_3,3,train
75-FaceId-0_align.jpg,m.02ryn_3,3,train
48-FaceId-0_align.jpg,m.02ryn_3,3,train
57-FaceId-0_align.jpg,m.02ryn_3,3,train
115-FaceId-1_align.jpg,m.02ryn_3,3,train
81-FaceId-1_align.jpg,m.02ryn_3,3,train
39-FaceId-0_align.jpg,m.02ryn_3,3,train
62-FaceId-1_align.jpg,m.02ryn_3,3,train
43-FaceId-0_align.jpg,m.02ryn_3,3,train
7-FaceId-0_align.jpg,m.02ryn_3,3,train
52-FaceId-0_align.jpg,m.02ryn_3,3,train
106-FaceId-0_align.jpg,m.02ryn_3,3,train
87-FaceId-0_align.jpg,m.02ryn_3,3,train
92-FaceId-0_align.jpg,m.02ryn_3,3,train
70-FaceId-0_align.jpg,m.02ryn_3,3,train
64-FaceId-0_align.jpg,m.03bz8l9,3,test
62-FaceId-0_align.jpg,m.03bz8l9,3,test
57-FaceId-0_align.jpg,m.03bz8l9,3,test
109-FaceId-0_align.jpg,m.03bz8l9,3,test
67-FaceId-0_align.jpg,m.03bz8l9,3,test
59-FaceId-0_align.jpg,m.03bz8l9,3,test
22-FaceId-0_align.jpg,m.03bz8l9,3,test
6-FaceId-0_align.jpg,m.03bz8l9,3,test
42-FaceId-0_align.jpg,m.03bz8l9,3,test
12-FaceId-0_align.jpg,m.03bz8l9,3,test
65-FaceId-0_align.jpg,m.03bz8l9,3,test
111-FaceId-1_align.jpg,m.03bz8l9,3,test
113-FaceId-0_align.jpg,m.03bz8l9,3,train
4-FaceId-0_align.jpg,m.03bz8l9,3,train
73-FaceId-0_align.jpg,m.03bz8l9,3,train
5-FaceId-0_align.jpg,m.03bz8l9,3,train
30-FaceId-0_align.jpg,m.03bz8l9,3,train
86-FaceId-0_align.jpg,m.03bz8l9,3,train
46-FaceId-0_align.jpg,m.03bz8l9,3,train
83-FaceId-0_align.jpg,m.03bz8l9,3,train
41-FaceId-0_align.jpg,m.03bz8l9,3,train
85-FaceId-0_align.jpg,m.03bz8l9,3,train
21-FaceId-0_align.jpg,m.03bz8l9,3,train
75-FaceId-0_align.jpg,m.03bz8l9,3,train
79-FaceId-0_align.jpg,m.03bz8l9,3,train
13-FaceId-0_align.jpg,m.03bz8l9,3,train
26-FaceId-0_align.jpg,m.03bz8l9,3,train
18-FaceId-0_align.jpg,m.03bz8l9,3,train
7-FaceId-0_align.jpg,m.03bz8l9,3,train
48-FaceId-0_align.jpg,m.03bz8l9,3,train
23-FaceId-0_align.jpg,m.03bz8l9,3,train
88-FaceId-0_align.jpg,m.03bz8l9,3,train
99-FaceId-0_align.jpg,m.03bz8l9,3,train
43-FaceId-0_align.jpg,m.03bz8l9,3,train
76-FaceId-0_align.jpg,m.03bz8l9,3,train
91-FaceId-0_align.jpg,m.03bz8l9,3,train
0-FaceId-0_align.jpg,m.03bz8l9,3,train
29-FaceId-0_align.jpg,m.03bz8l9,3,train
78-FaceId-0_align.jpg,m.03bz8l9,3,train
114-FaceId-1_align.jpg,m.03bz8l9,3,train
28-FaceId-0_align.jpg,m.03bz8l9,3,train
11-FaceId-0_align.jpg,m.03bz8l9,3,train
19-FaceId-0_align.jpg,m.03bz8l9,3,train
58-FaceId-0_align.jpg,m.03bz8l9,3,train
52-FaceId-0_align.jpg,m.03bz8l9,3,train
33-FaceId-0_align.jpg,m.03bz8l9,3,train
31-FaceId-0_align.jpg,m.03bz8l9,3,train
17-FaceId-0_align.jpg,m.03bz8l9,3,train
103-FaceId-0_align.jpg,m.03bz8l9,3,train
60-FaceId-0_align.jpg,m.03bz8l9,3,train
68-FaceId-0_align.jpg,m.03bz8l9,3,train
16-FaceId-0_align.jpg,m.03bz8l9,3,train
20-FaceId-0_align.jpg,m.03bz8l9,3,train
77-FaceId-0_align.jpg,m.03bz8l9,3,train
54-FaceId-0_align.jpg,m.03bz8l9,3,train
45-FaceId-0_align.jpg,m.03bz8l9,3,train
49-FaceId-0_align.jpg,m.03bz8l9,3,train
108-FaceId-0_align.jpg,m.03bz8l9,3,train
24-FaceId-0_align.jpg,m.03bz8l9,3,train
8-FaceId-0_align.jpg,m.03bz8l9,3,train
10-FaceId-0_align.jpg,m.05km3r,3,test
62-FaceId-0_align.jpg,m.05km3r,3,test
44-FaceId-0_align.jpg,m.05km3r,3,test
29-FaceId-0_align.jpg,m.05km3r,3,test
87-FaceId-0_align.jpg,m.05km3r,3,test
96-FaceId-0_align.jpg,m.05km3r,3,test
41-FaceId-0_align.jpg,m.05km3r,3,test
67-FaceId-0_align.jpg,m.05km3r,3,test
89-FaceId-0_align.jpg,m.05km3r,3,test
50-FaceId-0_align.jpg,m.05km3r,3,test
88-FaceId-0_align.jpg,m.05km3r,3,test
23-FaceId-0_align.jpg,m.05km3r,3,test
106-FaceId-0_align.jpg,m.05km3r,3,train
53-FaceId-0_align.jpg,m.05km3r,3,train
85-FaceId-0_align.jpg,m.05km3r,3,train
56-FaceId-0_align.jpg,m.05km3r,3,train
104-FaceId-0_align.jpg,m.05km3r,3,train
103-FaceId-0_align.jpg,m.05km3r,3,train
76-FaceId-0_align.jpg,m.05km3r,3,train
0-FaceId-0_align.jpg,m.05km3r,3,train
22-FaceId-0_align.jpg,m.05km3r,3,train
92-FaceId-0_align.jpg,m.05km3r,3,train
55-FaceId-0_align.jpg,m.05km3r,3,train
37-FaceId-0_align.jpg,m.05km3r,3,train
32-FaceId-0_align.jpg,m.05km3r,3,train
40-FaceId-0_align.jpg,m.05km3r,3,train
31-FaceId-0_align.jpg,m.05km3r,3,train
17-FaceId-0_align.jpg,m.05km3r,3,train
64-FaceId-0_align.jpg,m.05km3r,3,train
79-FaceId-0_align.jpg,m.05km3r,3,train
26-FaceId-0_align.jpg,m.05km3r,3,train
45-FaceId-0_align.jpg,m.05km3r,3,train
19-FaceId-0_align.jpg,m.05km3r,3,train
48-FaceId-0_align.jpg,m.05km3r,3,train
69-FaceId-0_align.jpg,m.05km3r,3,train
94-FaceId-0_align.jpg,m.05km3r,3,train
108-FaceId-0_align.jpg,m.05km3r,3,train
90-FaceId-0_align.jpg,m.05km3r,3,train
91-FaceId-0_align.jpg,m.05km3r,3,train
13-FaceId-0_align.jpg,m.05km3r,3,train
27-FaceId-0_align.jpg,m.05km3r,3,train
78-FaceId-0_align.jpg,m.05km3r,3,train
12-FaceId-0_align.jpg,m.05km3r,3,train
82-FaceId-0_align.jpg,m.05km3r,3,train
72-FaceId-0_align.jpg,m.05km3r,3,train
107-FaceId-0_align.jpg,m.05km3r,3,train
4-FaceId-0_align.jpg,m.05km3r,3,train
97-FaceId-0_align.jpg,m.05km3r,3,train
33-FaceId-0_align.jpg,m.05km3r,3,train
52-FaceId-0_align.jpg,m.05km3r,3,train
46-FaceId-0_align.jpg,m.05km3r,3,train
9-FaceId-0_align.jpg,m.05km3r,3,train
63-FaceId-0_align.jpg,m.05km3r,3,train
43-FaceId-0_align.jpg,m.05km3r,3,train
66-FaceId-0_align.jpg,m.05km3r,3,train
83-FaceId-0_align.jpg,m.05km3r,3,train
65-FaceId-0_align.jpg,m.05km3r,3,train
8-FaceId-0_align.jpg,m.05km3r,3,train
20-FaceId-0_align.jpg,m.05km3r,3,train
77-FaceId-0_align.jpg,m.05km3r,3,train
85-FaceId-0_align.jpg,m.04yy7s,3,test
60-FaceId-0_align.jpg,m.04yy7s,3,test
102-FaceId-0_align.jpg,m.04yy7s,3,test
65-FaceId-0_align.jpg,m.04yy7s,3,test
94-FaceId-0_align.jpg,m.04yy7s,3,test
58-FaceId-0_align.jpg,m.04yy7s,3,test
7-FaceId-0_align.jpg,m.04yy7s,3,test
71-FaceId-0_align.jpg,m.04yy7s,3,test
81-FaceId-0_align.jpg,m.04yy7s,3,test
103-FaceId-0_align.jpg,m.04yy7s,3,test
96-FaceId-0_align.jpg,m.04yy7s,3,test
41-FaceId-0_align.jpg,m.04yy7s,3,test
5-FaceId-0_align.jpg,m.04yy7s,3,train
104-FaceId-1_align.jpg,m.04yy7s,3,train
36-FaceId-0_align.jpg,m.04yy7s,3,train
53-FaceId-1_align.jpg,m.04yy7s,3,train
34-FaceId-1_align.jpg,m.04yy7s,3,train
19-FaceId-0_align.jpg,m.04yy7s,3,train
18-FaceId-0_align.jpg,m.04yy7s,3,train
51-FaceId-0_align.jpg,m.04yy7s,3,train
97-FaceId-0_align.jpg,m.04yy7s,3,train
17-FaceId-0_align.jpg,m.04yy7s,3,train
89-FaceId-0_align.jpg,m.04yy7s,3,train
15-FaceId-0_align.jpg,m.04yy7s,3,train
67-FaceId-0_align.jpg,m.04yy7s,3,train
38-FaceId-0_align.jpg,m.04yy7s,3,train
16-FaceId-0_align.jpg,m.04yy7s,3,train
86-FaceId-0_align.jpg,m.04yy7s,3,train
74-FaceId-0_align.jpg,m.04yy7s,3,train
69-FaceId-0_align.jpg,m.04yy7s,3,train
0-FaceId-0_align.jpg,m.04yy7s,3,train
3-FaceId-0_align.jpg,m.04yy7s,3,train
14-FaceId-0_align.jpg,m.04yy7s,3,train
54-FaceId-0_align.jpg,m.04yy7s,3,train
44-FaceId-0_align.jpg,m.04yy7s,3,train
29-FaceId-0_align.jpg,m.04yy7s,3,train
106-FaceId-0_align.jpg,m.04yy7s,3,train
12-FaceId-0_align.jpg,m.04yy7s,3,train
4-FaceId-0_align.jpg,m.04yy7s,3,train
33-FaceId-0_align.jpg,m.04yy7s,3,train
105-FaceId-0_align.jpg,m.04yy7s,3,train
48-FaceId-0_align.jpg,m.04yy7s,3,train
109-FaceId-0_align.jpg,m.04yy7s,3,train
6-FaceId-0_align.jpg,m.04yy7s,3,train
72-FaceId-0_align.jpg,m.04yy7s,3,train
84-FaceId-1_align.jpg,m.04yy7s,3,train
42-FaceId-0_align.jpg,m.04yy7s,3,train
46-FaceId-0_align.jpg,m.04yy7s,3,train
78-FaceId-0_align.jpg,m.04yy7s,3,train
93-FaceId-0_align.jpg,m.04yy7s,3,train
47-FaceId-0_align.jpg,m.04yy7s,3,train
80-FaceId-0_align.jpg,m.04yy7s,3,train
22-FaceId-0_align.jpg,m.04yy7s,3,train
57-FaceId-0_align.jpg,m.04yy7s,3,train
11-FaceId-1_align.jpg,m.04yy7s,3,train
20-FaceId-0_align.jpg,m.04yy7s,3,train
39-FaceId-0_align.jpg,m.04yy7s,3,train
32-FaceId-0_align.jpg,m.04yy7s,3,train
108-FaceId-0_align.jpg,m.04yy7s,3,train
101-FaceId-0_align.jpg,m.04yy7s,3,train
42-FaceId-0_align.jpg,m.0406m8s,3,test
116-FaceId-2_align.jpg,m.0406m8s,3,test
86-FaceId-0_align.jpg,m.0406m8s,3,test
93-FaceId-0_align.jpg,m.0406m8s,3,test
67-FaceId-0_align.jpg,m.0406m8s,3,test
30-FaceId-0_align.jpg,m.0406m8s,3,test
16-FaceId-0_align.jpg,m.0406m8s,3,test
70-FaceId-0_align.jpg,m.0406m8s,3,test
7-FaceId-0_align.jpg,m.0406m8s,3,test
76-FaceId-0_align.jpg,m.0406m8s,3,test
8-FaceId-0_align.jpg,m.0406m8s,3,test
88-FaceId-0_align.jpg,m.0406m8s,3,test
34-FaceId-0_align.jpg,m.0406m8s,3,train
29-FaceId-1_align.jpg,m.0406m8s,3,train
63-FaceId-0_align.jpg,m.0406m8s,3,train
44-FaceId-0_align.jpg,m.0406m8s,3,train
101-FaceId-0_align.jpg,m.0406m8s,3,train
51-FaceId-0_align.jpg,m.0406m8s,3,train
28-FaceId-0_align.jpg,m.0406m8s,3,train
97-FaceId-0_align.jpg,m.0406m8s,3,train
38-FaceId-0_align.jpg,m.0406m8s,3,train
37-FaceId-0_align.jpg,m.0406m8s,3,train
96-FaceId-0_align.jpg,m.0406m8s,3,train
10-FaceId-0_align.jpg,m.0406m8s,3,train
9-FaceId-0_align.jpg,m.0406m8s,3,train
95-FaceId-0_align.jpg,m.0406m8s,3,train
57-FaceId-0_align.jpg,m.0406m8s,3,train
85-FaceId-0_align.jpg,m.0406m8s,3,train
119-FaceId-0_align.jpg,m.0406m8s,3,train
114-FaceId-1_align.jpg,m.0406m8s,3,train
36-FaceId-0_align.jpg,m.0406m8s,3,train
106-FaceId-0_align.jpg,m.0406m8s,3,train
74-FaceId-0_align.jpg,m.0406m8s,3,train
79-FaceId-0_align.jpg,m.0406m8s,3,train
90-FaceId-0_align.jpg,m.0406m8s,3,train
77-FaceId-0_align.jpg,m.0406m8s,3,train
48-FaceId-0_align.jpg,m.0406m8s,3,train
53-FaceId-0_align.jpg,m.0406m8s,3,train
98-FaceId-0_align.jpg,m.0406m8s,3,train
66-FaceId-0_align.jpg,m.0406m8s,3,train
17-FaceId-0_align.jpg,m.0406m8s,3,train
23-FaceId-0_align.jpg,m.0406m8s,3,train
21-FaceId-0_align.jpg,m.0406m8s,3,train
109-FaceId-0_align.jpg,m.0406m8s,3,train
99-FaceId-0_align.jpg,m.0406m8s,3,train
50-FaceId-0_align.jpg,m.0406m8s,3,train
6-FaceId-0_align.jpg,m.0406m8s,3,train
118-FaceId-0_align.jpg,m.0406m8s,3,train
114-FaceId-0_align.jpg,m.0406m8s,3,train
0-FaceId-0_align.jpg,m.0406m8s,3,train
61-FaceId-0_align.jpg,m.0406m8s,3,train
104-FaceId-0_align.jpg,m.0406m8s,3,train
54-FaceId-0_align.jpg,m.0406m8s,3,train
43-FaceId-0_align.jpg,m.0406m8s,3,train
92-FaceId-0_align.jpg,m.0406m8s,3,train
41-FaceId-0_align.jpg,m.0406m8s,3,train
80-FaceId-0_align.jpg,m.0406m8s,3,train
91-FaceId-0_align.jpg,m.0406m8s,3,train
4-FaceId-0_align.jpg,m.0406m8s,3,train
3-FaceId-0_align.jpg,m.0406m8s,3,train
